lot_id,row_index,yield_code,yield_outcome,test_timestamp
LOT_0001,0,-1,PASS,2008-07-19T11:55:00
LOT_0002,1,-1,PASS,2008-07-19T12:32:00
LOT_0003,2,1,FAIL,2008-07-19T13:17:00
LOT_0004,3,-1,PASS,2008-07-19T14:43:00
LOT_0005,4,-1,PASS,2008-07-19T15:22:00
LOT_0006,5,-1,PASS,2008-07-19T17:53:00
LOT_0007,6,-1,PASS,2008-07-19T19:44:00
LOT_0008,7,-1,PASS,2008-07-19T19:45:00
LOT_0009,8,-1,PASS,2008-07-19T20:24:00
LOT_0010,9,-1,PASS,2008-07-19T21:35:00
LOT_0011,10,1,FAIL,2008-07-19T21:57:00
LOT_0012,11,1,FAIL,2008-07-19T22:52:00
LOT_0013,12,-1,PASS,2008-07-20T03:35:00
LOT_0014,13,-1,PASS,2008-07-21T08:21:00
LOT_0015,14,1,FAIL,2008-07-21T11:53:00
LOT_0016,15,-1,PASS,2008-07-22T00:03:00
LOT_0017,16,-1,PASS,2008-07-22T02:59:00
LOT_0018,17,-1,PASS,2008-07-22T08:41:00
LOT_0019,18,-1,PASS,2008-07-22T11:47:00
LOT_0020,19,-1,PASS,2008-07-22T14:00:00
LOT_0021,20,-1,PASS,2008-07-22T15:30:00
LOT_0022,21,-1,PASS,2008-07-23T05:15:00
LOT_0023,22,-1,PASS,2008-07-23T19:22:00
LOT_0024,23,1,FAIL,2008-07-25T15:23:00
LOT_0025,24,-1,PASS,2008-07-27T04:18:00
LOT_0026,25,-1,PASS,2008-07-27T09:37:00
LOT_0027,26,-1,PASS,2008-07-27T11:10:00
LOT_0028,27,-1,PASS,2008-07-27T15:46:00
LOT_0029,28,-1,PASS,2008-07-27T16:06:00
LOT_0030,29,-1,PASS,2008-07-27T16:49:00
LOT_0031,30,-1,PASS,2008-07-27T20:24:00
LOT_0032,31,-1,PASS,2008-07-27T22:28:00
LOT_0033,32,-1,PASS,2008-07-27T22:28:00
LOT_0034,33,-1,PASS,2008-07-27T23:14:00
LOT_0035,34,-1,PASS,2008-07-28T03:31:00
LOT_0036,35,-1,PASS,2008-07-28T03:48:00
LOT_0037,36,-1,PASS,2008-07-28T04:37:00
LOT_0038,37,-1,PASS,2008-07-28T05:36:00
LOT_0039,38,1,FAIL,2008-07-28T06:45:00
LOT_0040,39,-1,PASS,2008-07-28T08:36:00
LOT_0041,40,1,FAIL,2008-07-28T15:11:00
LOT_0042,41,-1,PASS,2008-07-28T23:57:00
LOT_0043,42,-1,PASS,2008-07-29T04:08:00
LOT_0044,43,-1,PASS,2008-07-29T05:16:00
LOT_0045,44,-1,PASS,2008-07-29T06:19:00
LOT_0046,45,1,FAIL,2008-07-29T08:23:00
LOT_0047,46,-1,PASS,2008-07-29T11:47:00
LOT_0048,47,-1,PASS,2008-07-29T15:41:00
LOT_0049,48,1,FAIL,2008-07-29T15:49:00
LOT_0050,49,1,FAIL,2008-07-29T17:05:00
LOT_0051,50,1,FAIL,2008-07-29T18:08:00
LOT_0052,51,-1,PASS,2008-07-29T21:07:00
LOT_0053,52,-1,PASS,2008-07-29T23:14:00
LOT_0054,53,-1,PASS,2008-07-29T23:19:00
LOT_0055,54,-1,PASS,2008-07-30T06:30:00
LOT_0056,55,-1,PASS,2008-07-30T07:08:00
LOT_0057,56,-1,PASS,2008-07-30T12:02:00
LOT_0058,57,1,FAIL,2008-07-30T12:29:00
LOT_0059,58,1,FAIL,2008-07-30T21:16:00
LOT_0060,59,-1,PASS,2008-07-31T13:57:00
LOT_0061,60,-1,PASS,2008-07-31T15:36:00
LOT_0062,61,-1,PASS,2008-07-31T17:07:00
LOT_0063,62,1,FAIL,2008-07-31T20:18:00
LOT_0064,63,-1,PASS,2008-08-01T02:02:00
LOT_0065,64,1,FAIL,2008-08-01T05:52:00
LOT_0066,65,-1,PASS,2008-08-01T10:20:00
LOT_0067,66,-1,PASS,2008-08-01T10:26:00
LOT_0068,67,-1,PASS,2008-08-01T11:28:00
LOT_0069,68,-1,PASS,2008-08-01T12:29:00
LOT_0070,69,-1,PASS,2008-08-01T14:07:00
LOT_0071,70,-1,PASS,2008-08-01T15:10:00
LOT_0072,71,-1,PASS,2008-08-02T03:39:00
LOT_0073,72,-1,PASS,2008-08-03T13:09:00
LOT_0074,73,-1,PASS,2008-08-03T14:06:00
LOT_0075,74,-1,PASS,2008-08-03T14:25:00
LOT_0076,75,-1,PASS,2008-08-03T15:03:00
LOT_0077,76,-1,PASS,2008-08-03T15:27:00
LOT_0078,77,-1,PASS,2008-08-03T16:00:00
LOT_0079,78,-1,PASS,2008-08-03T17:00:00
LOT_0080,79,-1,PASS,2008-08-03T17:58:00
LOT_0081,80,-1,PASS,2008-08-03T20:23:00
LOT_0082,81,-1,PASS,2008-08-03T22:52:00
LOT_0083,82,1,FAIL,2008-08-04T00:39:00
LOT_0084,83,-1,PASS,2008-08-04T03:45:00
LOT_0085,84,-1,PASS,2008-08-04T03:49:00
LOT_0086,85,-1,PASS,2008-08-04T13:19:00
LOT_0087,86,-1,PASS,2008-08-04T14:04:00
LOT_0088,87,-1,PASS,2008-08-04T14:31:00
LOT_0089,88,-1,PASS,2008-08-04T15:29:00
LOT_0090,89,-1,PASS,2008-08-04T16:15:00
LOT_0091,90,-1,PASS,2008-08-04T16:31:00
LOT_0092,91,-1,PASS,2008-08-04T17:11:00
LOT_0093,92,-1,PASS,2008-08-04T17:46:00
LOT_0094,93,-1,PASS,2008-08-04T18:24:00
LOT_0095,94,-1,PASS,2008-08-04T19:58:00
LOT_0096,95,-1,PASS,2008-08-04T20:32:00
LOT_0097,96,1,FAIL,2008-08-04T20:58:00
LOT_0098,97,-1,PASS,2008-08-04T21:43:00
LOT_0099,98,-1,PASS,2008-08-04T22:51:00
LOT_0100,99,-1,PASS,2008-08-04T23:33:00
LOT_0101,100,-1,PASS,2008-08-05T00:04:00
LOT_0102,101,-1,PASS,2008-08-05T01:12:00
LOT_0103,102,-1,PASS,2008-08-05T02:15:00
LOT_0104,103,-1,PASS,2008-08-05T02:36:00
LOT_0105,104,-1,PASS,2008-08-05T02:45:00
LOT_0106,105,-1,PASS,2008-08-05T03:17:00
LOT_0107,106,-1,PASS,2008-08-05T03:36:00
LOT_0108,107,-1,PASS,2008-08-05T03:54:00
LOT_0109,108,-1,PASS,2008-08-05T04:32:00
LOT_0110,109,-1,PASS,2008-08-05T04:35:00
LOT_0111,110,-1,PASS,2008-08-05T05:11:00
LOT_0112,111,-1,PASS,2008-08-05T06:10:00
LOT_0113,112,-1,PASS,2008-08-05T06:11:00
LOT_0114,113,-1,PASS,2008-08-05T06:21:00
LOT_0115,114,-1,PASS,2008-08-05T07:12:00
LOT_0116,115,1,FAIL,2008-08-05T07:12:00
LOT_0117,116,-1,PASS,2008-08-05T07:48:00
LOT_0118,117,-1,PASS,2008-08-05T08:50:00
LOT_0119,118,-1,PASS,2008-08-05T09:48:00
LOT_0120,119,-1,PASS,2008-08-05T14:17:00
LOT_0121,120,-1,PASS,2008-08-05T14:45:00
LOT_0122,121,-1,PASS,2008-08-05T15:45:00
LOT_0123,122,-1,PASS,2008-08-05T20:04:00
LOT_0124,123,-1,PASS,2008-08-05T21:07:00
LOT_0125,124,-1,PASS,2008-08-05T21:22:00
LOT_0126,125,-1,PASS,2008-08-05T23:02:00
LOT_0127,126,-1,PASS,2008-08-05T23:06:00
LOT_0128,127,-1,PASS,2008-08-05T23:38:00
LOT_0129,128,-1,PASS,2008-08-06T00:04:00
LOT_0130,129,-1,PASS,2008-08-06T02:20:00
LOT_0131,130,-1,PASS,2008-08-06T03:22:00
LOT_0132,131,1,FAIL,2008-08-06T05:40:00
LOT_0133,132,-1,PASS,2008-08-06T09:56:00
LOT_0134,133,-1,PASS,2008-08-06T09:57:00
LOT_0135,134,-1,PASS,2008-08-06T12:33:00
LOT_0136,135,-1,PASS,2008-08-06T13:35:00
LOT_0137,136,-1,PASS,2008-08-06T17:35:00
LOT_0138,137,-1,PASS,2008-08-06T18:00:00
LOT_0139,138,-1,PASS,2008-08-06T18:34:00
LOT_0140,139,-1,PASS,2008-08-06T19:13:00
LOT_0141,140,-1,PASS,2008-08-06T19:24:00
LOT_0142,141,-1,PASS,2008-08-06T20:00:00
LOT_0143,142,-1,PASS,2008-08-06T20:17:00
LOT_0144,143,-1,PASS,2008-08-06T21:15:00
LOT_0145,144,-1,PASS,2008-08-06T22:27:00
LOT_0146,145,-1,PASS,2008-08-06T23:40:00
LOT_0147,146,-1,PASS,2008-08-06T23:45:00
LOT_0148,147,-1,PASS,2008-08-07T00:51:00
LOT_0149,148,-1,PASS,2008-08-07T07:30:00
LOT_0150,149,-1,PASS,2008-08-07T08:21:00
LOT_0151,150,-1,PASS,2008-08-07T08:45:00
LOT_0152,151,-1,PASS,2008-08-07T08:55:00
LOT_0153,152,-1,PASS,2008-08-07T10:12:00
LOT_0154,153,-1,PASS,2008-08-07T11:10:00
LOT_0155,154,1,FAIL,2008-08-07T11:40:00
LOT_0156,155,-1,PASS,2008-08-08T04:55:00
LOT_0157,156,-1,PASS,2008-08-08T07:26:00
LOT_0158,157,1,FAIL,2008-08-08T08:44:00
LOT_0159,158,1,FAIL,2008-08-08T12:37:00
LOT_0160,159,-1,PASS,2008-08-08T20:21:00
LOT_0161,160,-1,PASS,2008-08-08T21:22:00
LOT_0162,161,-1,PASS,2008-08-08T21:53:00
LOT_0163,162,-1,PASS,2008-08-08T22:06:00
LOT_0164,163,-1,PASS,2008-08-08T22:25:00
LOT_0165,164,-1,PASS,2008-08-09T02:15:00
LOT_0166,165,-1,PASS,2008-08-09T02:37:00
LOT_0167,166,-1,PASS,2008-08-09T06:05:00
LOT_0168,167,1,FAIL,2008-08-09T09:16:00
LOT_0169,168,-1,PASS,2008-08-09T09:22:00
LOT_0170,169,1,FAIL,2008-08-09T11:42:00
LOT_0171,170,-1,PASS,2008-08-09T17:34:00
LOT_0172,171,-1,PASS,2008-08-09T19:03:00
LOT_0173,172,-1,PASS,2008-08-09T20:04:00
LOT_0174,173,-1,PASS,2008-08-09T21:07:00
LOT_0175,174,-1,PASS,2008-08-09T22:15:00
LOT_0176,175,-1,PASS,2008-08-09T22:37:00
LOT_0177,176,-1,PASS,2008-08-09T23:17:00
LOT_0178,177,-1,PASS,2008-08-09T23:34:00
LOT_0179,178,-1,PASS,2008-08-10T00:09:00
LOT_0180,179,-1,PASS,2008-08-10T00:46:00
LOT_0181,180,1,FAIL,2008-08-10T06:00:00
LOT_0182,181,-1,PASS,2008-08-10T06:41:00
LOT_0183,182,1,FAIL,2008-08-10T07:01:00
LOT_0184,183,-1,PASS,2008-08-10T11:16:00
LOT_0185,184,-1,PASS,2008-08-10T11:49:00
LOT_0186,185,-1,PASS,2008-08-10T12:22:00
LOT_0187,186,1,FAIL,2008-08-10T15:59:00
LOT_0188,187,-1,PASS,2008-08-10T19:07:00
LOT_0189,188,1,FAIL,2008-08-10T20:07:00
LOT_0190,189,1,FAIL,2008-08-10T22:26:00
LOT_0191,190,-1,PASS,2008-08-11T03:06:00
LOT_0192,191,-1,PASS,2008-08-11T04:09:00
LOT_0193,192,-1,PASS,2008-08-11T05:15:00
LOT_0194,193,-1,PASS,2008-08-11T11:35:00
LOT_0195,194,-1,PASS,2008-08-11T12:38:00
LOT_0196,195,-1,PASS,2008-08-12T04:23:00
LOT_0197,196,-1,PASS,2008-08-12T06:16:00
LOT_0198,197,-1,PASS,2008-08-12T10:54:00
LOT_0199,198,-1,PASS,2008-08-12T11:29:00
LOT_0200,199,-1,PASS,2008-08-12T12:04:00
LOT_0201,200,-1,PASS,2008-08-13T02:48:00
LOT_0202,201,-1,PASS,2008-08-15T03:26:00
LOT_0203,202,-1,PASS,2008-08-15T04:14:00
LOT_0204,203,-1,PASS,2008-08-15T05:13:00
LOT_0205,204,-1,PASS,2008-08-15T09:38:00
LOT_0206,205,-1,PASS,2008-08-15T10:14:00
LOT_0207,206,-1,PASS,2008-08-15T11:42:00
LOT_0208,207,-1,PASS,2008-08-15T18:19:00
LOT_0209,208,-1,PASS,2008-08-15T19:19:00
LOT_0210,209,-1,PASS,2008-08-15T20:00:00
LOT_0211,210,-1,PASS,2008-08-15T20:03:00
LOT_0212,211,-1,PASS,2008-08-15T23:31:00
LOT_0213,212,-1,PASS,2008-08-16T02:21:00
LOT_0214,213,-1,PASS,2008-08-16T05:47:00
LOT_0215,214,-1,PASS,2008-08-16T06:52:00
LOT_0216,215,-1,PASS,2008-08-16T07:33:00
LOT_0217,216,-1,PASS,2008-08-16T08:39:00
LOT_0218,217,-1,PASS,2008-08-16T08:41:00
LOT_0219,218,1,FAIL,2008-08-16T09:44:00
LOT_0220,219,-1,PASS,2008-08-16T13:51:00
LOT_0221,220,-1,PASS,2008-08-16T14:30:00
LOT_0222,221,-1,PASS,2008-08-16T15:16:00
LOT_0223,222,1,FAIL,2008-08-16T15:19:00
LOT_0224,223,-1,PASS,2008-08-16T23:48:00
LOT_0225,224,-1,PASS,2008-08-17T00:52:00
LOT_0226,225,-1,PASS,2008-08-17T01:53:00
LOT_0227,226,-1,PASS,2008-08-17T03:17:00
LOT_0228,227,-1,PASS,2008-08-17T03:18:00
LOT_0229,228,-1,PASS,2008-08-17T03:46:00
LOT_0230,229,-1,PASS,2008-08-17T04:19:00
LOT_0231,230,-1,PASS,2008-08-17T05:21:00
LOT_0232,231,1,FAIL,2008-08-17T12:16:00
LOT_0233,232,-1,PASS,2008-08-17T13:34:00
LOT_0234,233,-1,PASS,2008-08-17T14:21:00
LOT_0235,234,-1,PASS,2008-08-17T15:25:00
LOT_0236,235,1,FAIL,2008-08-17T21:26:00
LOT_0237,236,1,FAIL,2008-08-17T22:03:00
LOT_0238,237,-1,PASS,2008-08-17T22:21:00
LOT_0239,238,1,FAIL,2008-08-17T23:04:00
LOT_0240,239,-1,PASS,2008-08-17T23:20:00
LOT_0241,240,1,FAIL,2008-08-17T23:55:00
LOT_0242,241,1,FAIL,2008-08-18T00:02:00
LOT_0243,242,-1,PASS,2008-08-18T00:20:00
LOT_0244,243,1,FAIL,2008-08-18T01:23:00
LOT_0245,244,1,FAIL,2008-08-18T04:01:00
LOT_0246,245,-1,PASS,2008-08-18T04:12:00
LOT_0247,246,-1,PASS,2008-08-18T04:35:00
LOT_0248,247,-1,PASS,2008-08-18T05:03:00
LOT_0249,248,-1,PASS,2008-08-18T05:25:00
LOT_0250,249,-1,PASS,2008-08-18T06:07:00
LOT_0251,250,-1,PASS,2008-08-18T06:11:00
LOT_0252,251,-1,PASS,2008-08-18T06:26:00
LOT_0253,252,-1,PASS,2008-08-18T07:11:00
LOT_0254,253,-1,PASS,2008-08-18T07:23:00
LOT_0255,254,-1,PASS,2008-08-18T07:29:00
LOT_0256,255,-1,PASS,2008-08-18T08:18:00
LOT_0257,256,-1,PASS,2008-08-18T08:31:00
LOT_0258,257,-1,PASS,2008-08-18T10:13:00
LOT_0259,258,-1,PASS,2008-08-18T11:04:00
LOT_0260,259,-1,PASS,2008-08-18T12:00:00
LOT_0261,260,-1,PASS,2008-08-18T12:06:00
LOT_0262,261,-1,PASS,2008-08-18T12:22:00
LOT_0263,262,-1,PASS,2008-08-18T12:49:00
LOT_0264,263,-1,PASS,2008-08-18T13:07:00
LOT_0265,264,-1,PASS,2008-08-18T14:01:00
LOT_0266,265,-1,PASS,2008-08-18T14:04:00
LOT_0267,266,-1,PASS,2008-08-18T14:45:00
LOT_0268,267,-1,PASS,2008-08-18T15:00:00
LOT_0269,268,-1,PASS,2008-08-18T15:26:00
LOT_0270,269,-1,PASS,2008-08-18T15:30:00
LOT_0271,270,-1,PASS,2008-08-18T15:33:00
LOT_0272,271,-1,PASS,2008-08-18T15:41:00
LOT_0273,272,-1,PASS,2008-08-18T16:19:00
LOT_0274,273,1,FAIL,2008-08-18T17:13:00
LOT_0275,274,-1,PASS,2008-08-18T17:16:00
LOT_0276,275,-1,PASS,2008-08-18T17:37:00
LOT_0277,276,-1,PASS,2008-08-18T19:24:00
LOT_0278,277,1,FAIL,2008-08-18T19:54:00
LOT_0279,278,-1,PASS,2008-08-18T23:00:00
LOT_0280,279,-1,PASS,2008-08-18T23:03:00
LOT_0281,280,-1,PASS,2008-08-18T23:47:00
LOT_0282,281,-1,PASS,2008-08-19T01:10:00
LOT_0283,282,1,FAIL,2008-08-19T03:59:00
LOT_0284,283,-1,PASS,2008-08-19T04:58:00
LOT_0285,284,-1,PASS,2008-08-19T05:09:00
LOT_0286,285,-1,PASS,2008-08-19T05:11:00
LOT_0287,286,-1,PASS,2008-08-19T05:11:00
LOT_0288,287,-1,PASS,2008-08-19T05:40:00
LOT_0289,288,-1,PASS,2008-08-19T05:41:00
LOT_0290,289,-1,PASS,2008-08-19T05:53:00
LOT_0291,290,-1,PASS,2008-08-19T05:54:00
LOT_0292,291,1,FAIL,2008-08-19T05:56:00
LOT_0293,292,-1,PASS,2008-08-19T06:24:00
LOT_0294,293,-1,PASS,2008-08-19T07:43:00
LOT_0295,294,1,FAIL,2008-08-19T07:58:00
LOT_0296,295,-1,PASS,2008-08-19T08:01:00
LOT_0297,296,-1,PASS,2008-08-19T08:07:00
LOT_0298,297,-1,PASS,2008-08-19T08:33:00
LOT_0299,298,-1,PASS,2008-08-19T09:04:00
LOT_0300,299,-1,PASS,2008-08-19T09:05:00
LOT_0301,300,-1,PASS,2008-08-19T10:46:00
LOT_0302,301,-1,PASS,2008-08-19T11:11:00
LOT_0303,302,-1,PASS,2008-08-19T11:13:00
LOT_0304,303,-1,PASS,2008-08-19T11:13:00
LOT_0305,304,-1,PASS,2008-08-19T11:28:00
LOT_0306,305,-1,PASS,2008-08-19T11:44:00
LOT_0307,306,-1,PASS,2008-08-19T11:46:00
LOT_0308,307,-1,PASS,2008-08-19T11:57:00
LOT_0309,308,-1,PASS,2008-08-19T11:58:00
LOT_0310,309,-1,PASS,2008-08-19T12:30:00
LOT_0311,310,-1,PASS,2008-08-19T15:33:00
LOT_0312,311,-1,PASS,2008-08-19T18:12:00
LOT_0313,312,-1,PASS,2008-08-19T18:12:00
LOT_0314,313,-1,PASS,2008-08-19T18:30:00
LOT_0315,314,-1,PASS,2008-08-19T18:30:00
LOT_0316,315,-1,PASS,2008-08-19T19:38:00
LOT_0317,316,-1,PASS,2008-08-19T20:53:00
LOT_0318,317,-1,PASS,2008-08-20T00:05:00
LOT_0319,318,-1,PASS,2008-08-20T01:33:00
LOT_0320,319,-1,PASS,2008-08-20T01:42:00
LOT_0321,320,-1,PASS,2008-08-20T02:13:00
LOT_0322,321,1,FAIL,2008-08-20T02:27:00
LOT_0323,322,-1,PASS,2008-08-20T03:00:00
LOT_0324,323,1,FAIL,2008-08-20T03:12:00
LOT_0325,324,-1,PASS,2008-08-20T06:36:00
LOT_0326,325,-1,PASS,2008-08-20T07:12:00
LOT_0327,326,1,FAIL,2008-08-20T08:40:00
LOT_0328,327,1,FAIL,2008-08-20T09:17:00
LOT_0329,328,-1,PASS,2008-08-20T10:26:00
LOT_0330,329,-1,PASS,2008-08-20T16:08:00
LOT_0331,330,-1,PASS,2008-08-20T16:16:00
LOT_0332,331,-1,PASS,2008-08-20T17:09:00
LOT_0333,332,-1,PASS,2008-08-20T17:35:00
LOT_0334,333,-1,PASS,2008-08-20T17:36:00
LOT_0335,334,-1,PASS,2008-08-20T18:29:00
LOT_0336,335,-1,PASS,2008-08-20T18:35:00
LOT_0337,336,1,FAIL,2008-08-20T19:20:00
LOT_0338,337,-1,PASS,2008-08-20T20:19:00
LOT_0339,338,-1,PASS,2008-08-20T21:33:00
LOT_0340,339,-1,PASS,2008-08-20T21:41:00
LOT_0341,340,-1,PASS,2008-08-20T21:58:00
LOT_0342,341,-1,PASS,2008-08-20T22:13:00
LOT_0343,342,-1,PASS,2008-08-20T22:45:00
LOT_0344,343,-1,PASS,2008-08-20T23:18:00
LOT_0345,344,1,FAIL,2008-08-20T23:43:00
LOT_0346,345,-1,PASS,2008-08-21T02:11:00
LOT_0347,346,-1,PASS,2008-08-21T02:46:00
LOT_0348,347,-1,PASS,2008-08-21T04:22:00
LOT_0349,348,-1,PASS,2008-08-21T04:29:00
LOT_0350,349,-1,PASS,2008-08-21T05:06:00
LOT_0351,350,-1,PASS,2008-08-21T05:15:00
LOT_0352,351,1,FAIL,2008-08-21T06:10:00
LOT_0353,352,-1,PASS,2008-08-21T11:22:00
LOT_0354,353,-1,PASS,2008-08-21T12:00:00
LOT_0355,354,-1,PASS,2008-08-21T12:31:00
LOT_0356,355,-1,PASS,2008-08-21T12:33:00
LOT_0357,356,-1,PASS,2008-08-21T12:43:00
LOT_0358,357,-1,PASS,2008-08-21T12:52:00
LOT_0359,358,-1,PASS,2008-08-21T13:11:00
LOT_0360,359,-1,PASS,2008-08-21T13:19:00
LOT_0361,360,-1,PASS,2008-08-21T13:29:00
LOT_0362,361,-1,PASS,2008-08-21T13:45:00
LOT_0363,362,-1,PASS,2008-08-21T14:47:00
LOT_0364,363,-1,PASS,2008-08-21T15:05:00
LOT_0365,364,-1,PASS,2008-08-21T15:06:00
LOT_0366,365,-1,PASS,2008-08-21T15:32:00
LOT_0367,366,-1,PASS,2008-08-21T15:48:00
LOT_0368,367,-1,PASS,2008-08-21T15:50:00
LOT_0369,368,1,FAIL,2008-08-21T16:19:00
LOT_0370,369,-1,PASS,2008-08-21T16:36:00
LOT_0371,370,-1,PASS,2008-08-21T17:25:00
LOT_0372,371,-1,PASS,2008-08-21T17:44:00
LOT_0373,372,-1,PASS,2008-08-21T18:04:00
LOT_0374,373,1,FAIL,2008-08-21T18:05:00
LOT_0375,374,-1,PASS,2008-08-21T18:39:00
LOT_0376,375,-1,PASS,2008-08-21T18:53:00
LOT_0377,376,-1,PASS,2008-08-21T19:12:00
LOT_0378,377,-1,PASS,2008-08-21T19:12:00
LOT_0379,378,-1,PASS,2008-08-21T19:46:00
LOT_0380,379,-1,PASS,2008-08-21T20:19:00
LOT_0381,380,-1,PASS,2008-08-21T20:21:00
LOT_0382,381,-1,PASS,2008-08-21T20:37:00
LOT_0383,382,-1,PASS,2008-08-21T21:32:00
LOT_0384,383,-1,PASS,2008-08-21T22:25:00
LOT_0385,384,-1,PASS,2008-08-21T22:41:00
LOT_0386,385,-1,PASS,2008-08-21T23:08:00
LOT_0387,386,-1,PASS,2008-08-21T23:27:00
LOT_0388,387,-1,PASS,2008-08-21T23:53:00
LOT_0389,388,-1,PASS,2008-08-21T23:57:00
LOT_0390,389,-1,PASS,2008-08-22T00:43:00
LOT_0391,390,-1,PASS,2008-08-22T00:44:00
LOT_0392,391,-1,PASS,2008-08-22T00:47:00
LOT_0393,392,1,FAIL,2008-08-22T01:04:00
LOT_0394,393,-1,PASS,2008-08-22T01:26:00
LOT_0395,394,-1,PASS,2008-08-22T01:27:00
LOT_0396,395,-1,PASS,2008-08-22T01:54:00
LOT_0397,396,-1,PASS,2008-08-22T02:01:00
LOT_0398,397,-1,PASS,2008-08-22T02:25:00
LOT_0399,398,-1,PASS,2008-08-22T02:52:00
LOT_0400,399,-1,PASS,2008-08-22T03:18:00
LOT_0401,400,-1,PASS,2008-08-22T03:58:00
LOT_0402,401,-1,PASS,2008-08-22T04:40:00
LOT_0403,402,-1,PASS,2008-08-22T04:57:00
LOT_0404,403,-1,PASS,2008-08-22T05:21:00
LOT_0405,404,-1,PASS,2008-08-22T05:31:00
LOT_0406,405,-1,PASS,2008-08-22T05:32:00
LOT_0407,406,1,FAIL,2008-08-22T06:00:00
LOT_0408,407,-1,PASS,2008-08-22T07:04:00
LOT_0409,408,-1,PASS,2008-08-22T07:17:00
LOT_0410,409,-1,PASS,2008-08-22T07:27:00
LOT_0411,410,-1,PASS,2008-08-22T09:29:00
LOT_0412,411,-1,PASS,2008-08-22T09:29:00
LOT_0413,412,-1,PASS,2008-08-22T10:01:00
LOT_0414,413,-1,PASS,2008-08-22T10:18:00
LOT_0415,414,-1,PASS,2008-08-22T10:47:00
LOT_0416,415,-1,PASS,2008-08-22T11:32:00
LOT_0417,416,-1,PASS,2008-08-22T12:13:00
LOT_0418,417,-1,PASS,2008-08-22T12:37:00
LOT_0419,418,-1,PASS,2008-08-22T12:42:00
LOT_0420,419,-1,PASS,2008-08-22T13:22:00
LOT_0421,420,-1,PASS,2008-08-22T14:45:00
LOT_0422,421,-1,PASS,2008-08-22T15:25:00
LOT_0423,422,-1,PASS,2008-08-22T15:39:00
LOT_0424,423,-1,PASS,2008-08-22T15:54:00
LOT_0425,424,1,FAIL,2008-08-22T19:14:00
LOT_0426,425,-1,PASS,2008-08-22T23:46:00
LOT_0427,426,-1,PASS,2008-08-22T23:47:00
LOT_0428,427,-1,PASS,2008-08-22T23:49:00
LOT_0429,428,-1,PASS,2008-08-22T23:56:00
LOT_0430,429,-1,PASS,2008-08-23T02:04:00
LOT_0431,430,-1,PASS,2008-08-23T03:26:00
LOT_0432,431,-1,PASS,2008-08-23T04:50:00
LOT_0433,432,-1,PASS,2008-08-23T04:52:00
LOT_0434,433,-1,PASS,2008-08-23T05:57:00
LOT_0435,434,-1,PASS,2008-08-23T05:57:00
LOT_0436,435,-1,PASS,2008-08-23T05:58:00
LOT_0437,436,-1,PASS,2008-08-23T05:58:00
LOT_0438,437,-1,PASS,2008-08-23T09:24:00
LOT_0439,438,-1,PASS,2008-08-23T12:58:00
LOT_0440,439,-1,PASS,2008-08-23T13:02:00
LOT_0441,440,-1,PASS,2008-08-23T15:10:00
LOT_0442,441,1,FAIL,2008-08-23T15:29:00
LOT_0443,442,-1,PASS,2008-08-24T02:32:00
LOT_0444,443,-1,PASS,2008-08-24T04:00:00
LOT_0445,444,-1,PASS,2008-08-24T07:12:00
LOT_0446,445,-1,PASS,2008-08-24T07:14:00
LOT_0447,446,-1,PASS,2008-08-24T10:09:00
LOT_0448,447,-1,PASS,2008-08-24T10:14:00
LOT_0449,448,1,FAIL,2008-08-24T13:03:00
LOT_0450,449,-1,PASS,2008-08-25T09:29:00
LOT_0451,450,-1,PASS,2008-08-27T00:46:00
LOT_0452,451,-1,PASS,2008-08-27T11:38:00
LOT_0453,452,-1,PASS,2008-08-27T12:22:00
LOT_0454,453,-1,PASS,2008-08-27T13:35:00
LOT_0455,454,-1,PASS,2008-08-27T14:18:00
LOT_0456,455,-1,PASS,2008-08-27T17:14:00
LOT_0457,456,-1,PASS,2008-08-27T22:48:00
LOT_0458,457,-1,PASS,2008-08-27T22:58:00
LOT_0459,458,-1,PASS,2008-08-28T03:03:00
LOT_0460,459,-1,PASS,2008-08-28T03:04:00
LOT_0461,460,-1,PASS,2008-08-28T03:29:00
LOT_0462,461,-1,PASS,2008-08-28T03:38:00
LOT_0463,462,-1,PASS,2008-08-28T03:45:00
LOT_0464,463,-1,PASS,2008-08-28T04:10:00
LOT_0465,464,-1,PASS,2008-08-28T04:20:00
LOT_0466,465,-1,PASS,2008-08-28T04:54:00
LOT_0467,466,-1,PASS,2008-08-28T05:00:00
LOT_0468,467,-1,PASS,2008-08-28T06:15:00
LOT_0469,468,-1,PASS,2008-08-28T06:39:00
LOT_0470,469,-1,PASS,2008-08-28T06:56:00
LOT_0471,470,-1,PASS,2008-08-28T07:40:00
LOT_0472,471,-1,PASS,2008-08-28T07:51:00
LOT_0473,472,-1,PASS,2008-08-28T08:41:00
LOT_0474,473,-1,PASS,2008-08-28T09:46:00
LOT_0475,474,-1,PASS,2008-08-28T09:49:00
LOT_0476,475,-1,PASS,2008-08-28T10:15:00
LOT_0477,476,-1,PASS,2008-08-28T10:28:00
LOT_0478,477,-1,PASS,2008-08-28T10:32:00
LOT_0479,478,-1,PASS,2008-08-28T11:19:00
LOT_0480,479,-1,PASS,2008-08-28T12:44:00
LOT_0481,480,-1,PASS,2008-08-28T14:48:00
LOT_0482,481,-1,PASS,2008-08-28T15:19:00
LOT_0483,482,-1,PASS,2008-08-28T16:01:00
LOT_0484,483,-1,PASS,2008-08-28T16:43:00
LOT_0485,484,-1,PASS,2008-08-28T16:52:00
LOT_0486,485,-1,PASS,2008-08-28T17:21:00
LOT_0487,486,-1,PASS,2008-08-28T17:27:00
LOT_0488,487,-1,PASS,2008-08-28T17:32:00
LOT_0489,488,-1,PASS,2008-08-28T18:05:00
LOT_0490,489,-1,PASS,2008-08-28T18:10:00
LOT_0491,490,-1,PASS,2008-08-28T18:15:00
LOT_0492,491,-1,PASS,2008-08-28T18:25:00
LOT_0493,492,-1,PASS,2008-08-28T18:47:00
LOT_0494,493,-1,PASS,2008-08-28T18:57:00
LOT_0495,494,-1,PASS,2008-08-28T20:20:00
LOT_0496,495,1,FAIL,2008-08-28T20:39:00
LOT_0497,496,-1,PASS,2008-08-28T21:03:00
LOT_0498,497,-1,PASS,2008-08-28T21:52:00
LOT_0499,498,-1,PASS,2008-08-28T22:57:00
LOT_0500,499,-1,PASS,2008-08-28T23:40:00
LOT_0501,500,-1,PASS,2008-08-28T23:42:00
LOT_0502,501,-1,PASS,2008-08-29T00:49:00
LOT_0503,502,-1,PASS,2008-08-29T01:06:00
LOT_0504,503,-1,PASS,2008-08-29T02:38:00
LOT_0505,504,-1,PASS,2008-08-29T02:39:00
LOT_0506,505,-1,PASS,2008-08-29T03:27:00
LOT_0507,506,-1,PASS,2008-08-29T03:33:00
LOT_0508,507,-1,PASS,2008-08-29T03:46:00
LOT_0509,508,1,FAIL,2008-08-29T04:55:00
LOT_0510,509,-1,PASS,2008-08-29T04:56:00
LOT_0511,510,-1,PASS,2008-08-29T05:16:00
LOT_0512,511,-1,PASS,2008-08-29T05:54:00
LOT_0513,512,-1,PASS,2008-08-29T05:54:00
LOT_0514,513,-1,PASS,2008-08-29T05:57:00
LOT_0515,514,-1,PASS,2008-08-29T05:57:00
LOT_0516,515,-1,PASS,2008-08-29T06:35:00
LOT_0517,516,-1,PASS,2008-08-29T06:37:00
LOT_0518,517,-1,PASS,2008-08-29T06:40:00
LOT_0519,518,1,FAIL,2008-08-29T06:45:00
LOT_0520,519,-1,PASS,2008-08-29T06:54:00
LOT_0521,520,-1,PASS,2008-08-29T07:18:00
LOT_0522,521,-1,PASS,2008-08-29T07:22:00
LOT_0523,522,-1,PASS,2008-08-29T07:24:00
LOT_0524,523,-1,PASS,2008-08-29T07:33:00
LOT_0525,524,-1,PASS,2008-08-29T07:33:00
LOT_0526,525,-1,PASS,2008-08-29T08:10:00
LOT_0527,526,-1,PASS,2008-08-29T08:20:00
LOT_0528,527,-1,PASS,2008-08-29T08:41:00
LOT_0529,528,-1,PASS,2008-08-29T08:45:00
LOT_0530,529,-1,PASS,2008-08-29T12:21:00
LOT_0531,530,-1,PASS,2008-08-29T12:22:00
LOT_0532,531,-1,PASS,2008-08-29T12:37:00
LOT_0533,532,-1,PASS,2008-08-29T13:04:00
LOT_0534,533,-1,PASS,2008-08-29T13:14:00
LOT_0535,534,-1,PASS,2008-08-29T13:27:00
LOT_0536,535,-1,PASS,2008-08-29T13:49:00
LOT_0537,536,-1,PASS,2008-08-29T14:11:00
LOT_0538,537,-1,PASS,2008-08-29T14:18:00
LOT_0539,538,-1,PASS,2008-08-29T14:30:00
LOT_0540,539,-1,PASS,2008-08-29T15:01:00
LOT_0541,540,-1,PASS,2008-08-29T15:43:00
LOT_0542,541,-1,PASS,2008-08-29T16:26:00
LOT_0543,542,-1,PASS,2008-08-29T20:21:00
LOT_0544,543,-1,PASS,2008-08-29T20:49:00
LOT_0545,544,-1,PASS,2008-08-29T21:25:00
LOT_0546,545,-1,PASS,2008-08-29T21:46:00
LOT_0547,546,-1,PASS,2008-08-29T21:54:00
LOT_0548,547,-1,PASS,2008-08-29T22:11:00
LOT_0549,548,-1,PASS,2008-08-29T22:45:00
LOT_0550,549,-1,PASS,2008-08-29T22:49:00
LOT_0551,550,-1,PASS,2008-08-29T22:56:00
LOT_0552,551,-1,PASS,2008-08-30T00:01:00
LOT_0553,552,-1,PASS,2008-08-30T00:05:00
LOT_0554,553,-1,PASS,2008-08-30T00:57:00
LOT_0555,554,-1,PASS,2008-08-30T01:29:00
LOT_0556,555,-1,PASS,2008-08-30T02:08:00
LOT_0557,556,-1,PASS,2008-08-30T02:22:00
LOT_0558,557,-1,PASS,2008-08-30T02:32:00
LOT_0559,558,-1,PASS,2008-08-30T02:39:00
LOT_0560,559,-1,PASS,2008-08-30T02:50:00
LOT_0561,560,-1,PASS,2008-08-30T03:10:00
LOT_0562,561,-1,PASS,2008-08-30T04:20:00
LOT_0563,562,-1,PASS,2008-08-30T04:24:00
LOT_0564,563,-1,PASS,2008-08-30T04:55:00
LOT_0565,564,-1,PASS,2008-08-30T05:05:00
LOT_0566,565,-1,PASS,2008-08-30T05:05:00
LOT_0567,566,-1,PASS,2008-08-30T05:38:00
LOT_0568,567,-1,PASS,2008-08-30T05:51:00
LOT_0569,568,-1,PASS,2008-08-30T07:50:00
LOT_0570,569,-1,PASS,2008-08-30T07:54:00
LOT_0571,570,-1,PASS,2008-08-30T08:10:00
LOT_0572,571,-1,PASS,2008-08-30T08:29:00
LOT_0573,572,-1,PASS,2008-08-30T08:42:00
LOT_0574,573,-1,PASS,2008-08-30T08:53:00
LOT_0575,574,-1,PASS,2008-08-30T09:13:00
LOT_0576,575,-1,PASS,2008-08-30T09:37:00
LOT_0577,576,1,FAIL,2008-08-30T09:45:00
LOT_0578,577,-1,PASS,2008-08-30T10:15:00
LOT_0579,578,-1,PASS,2008-08-30T10:16:00
LOT_0580,579,-1,PASS,2008-08-30T11:12:00
LOT_0581,580,-1,PASS,2008-08-30T11:14:00
LOT_0582,581,-1,PASS,2008-08-30T11:18:00
LOT_0583,582,-1,PASS,2008-08-30T11:57:00
LOT_0584,583,1,FAIL,2008-08-30T14:10:00
LOT_0585,584,-1,PASS,2008-08-30T14:23:00
LOT_0586,585,-1,PASS,2008-08-30T14:37:00
LOT_0587,586,-1,PASS,2008-08-30T15:06:00
LOT_0588,587,-1,PASS,2008-08-30T15:16:00
LOT_0589,588,-1,PASS,2008-08-30T15:37:00
LOT_0590,589,-1,PASS,2008-08-30T15:50:00
LOT_0591,590,-1,PASS,2008-08-30T15:57:00
LOT_0592,591,-1,PASS,2008-08-30T16:24:00
LOT_0593,592,-1,PASS,2008-08-30T17:05:00
LOT_0594,593,-1,PASS,2008-08-30T17:49:00
LOT_0595,594,-1,PASS,2008-08-30T19:21:00
LOT_0596,595,-1,PASS,2008-08-30T19:27:00
LOT_0597,596,-1,PASS,2008-08-30T20:11:00
LOT_0598,597,-1,PASS,2008-08-30T20:53:00
LOT_0599,598,-1,PASS,2008-08-30T21:53:00
LOT_0600,599,-1,PASS,2008-08-30T23:51:00
LOT_0601,600,-1,PASS,2008-08-31T02:57:00
LOT_0602,601,1,FAIL,2008-08-31T04:46:00
LOT_0603,602,-1,PASS,2008-08-31T05:05:00
LOT_0604,603,-1,PASS,2008-08-31T09:11:00
LOT_0605,604,-1,PASS,2008-08-31T10:36:00
LOT_0606,605,1,FAIL,2008-08-31T10:59:00
LOT_0607,606,-1,PASS,2008-08-31T10:59:00
LOT_0608,607,-1,PASS,2008-08-31T11:03:00
LOT_0609,608,-1,PASS,2008-08-31T15:09:00
LOT_0610,609,-1,PASS,2008-08-31T15:13:00
LOT_0611,610,-1,PASS,2008-08-31T16:32:00
LOT_0612,611,-1,PASS,2008-08-31T20:24:00
LOT_0613,612,-1,PASS,2008-08-31T21:04:00
LOT_0614,613,-1,PASS,2008-08-31T21:46:00
LOT_0615,614,-1,PASS,2008-08-31T21:58:00
LOT_0616,615,-1,PASS,2008-08-31T22:32:00
LOT_0617,616,-1,PASS,2008-08-31T22:48:00
LOT_0618,617,-1,PASS,2008-08-31T22:57:00
LOT_0619,618,-1,PASS,2008-09-01T00:01:00
LOT_0620,619,-1,PASS,2008-09-01T00:39:00
LOT_0621,620,-1,PASS,2008-09-01T00:45:00
LOT_0622,621,-1,PASS,2008-09-01T00:53:00
LOT_0623,622,-1,PASS,2008-09-01T05:29:00
LOT_0624,623,-1,PASS,2008-09-01T05:32:00
LOT_0625,624,-1,PASS,2008-09-01T06:12:00
LOT_0626,625,-1,PASS,2008-09-01T06:21:00
LOT_0627,626,-1,PASS,2008-09-01T06:52:00
LOT_0628,627,-1,PASS,2008-09-01T08:18:00
LOT_0629,628,-1,PASS,2008-09-01T09:06:00
LOT_0630,629,-1,PASS,2008-09-01T09:19:00
LOT_0631,630,-1,PASS,2008-09-01T09:54:00
LOT_0632,631,-1,PASS,2008-09-01T10:57:00
LOT_0633,632,-1,PASS,2008-09-01T11:40:00
LOT_0634,633,-1,PASS,2008-09-01T16:20:00
LOT_0635,634,1,FAIL,2008-09-01T19:54:00
LOT_0636,635,-1,PASS,2008-09-01T20:51:00
LOT_0637,636,-1,PASS,2008-09-01T22:05:00
LOT_0638,637,-1,PASS,2008-09-01T23:05:00
LOT_0639,638,-1,PASS,2008-09-01T23:19:00
LOT_0640,639,-1,PASS,2008-09-01T23:24:00
LOT_0641,640,-1,PASS,2008-09-01T23:28:00
LOT_0642,641,-1,PASS,2008-09-01T23:39:00
LOT_0643,642,-1,PASS,2008-09-01T23:45:00
LOT_0644,643,-1,PASS,2008-09-01T23:59:00
LOT_0645,644,-1,PASS,2008-09-02T00:26:00
LOT_0646,645,-1,PASS,2008-09-02T00:31:00
LOT_0647,646,-1,PASS,2008-09-02T00:46:00
LOT_0648,647,-1,PASS,2008-09-02T01:09:00
LOT_0649,648,-1,PASS,2008-09-02T01:10:00
LOT_0650,649,-1,PASS,2008-09-02T01:10:00
LOT_0651,650,-1,PASS,2008-09-02T01:36:00
LOT_0652,651,-1,PASS,2008-09-02T01:50:00
LOT_0653,652,-1,PASS,2008-09-02T02:02:00
LOT_0654,653,-1,PASS,2008-09-02T02:11:00
LOT_0655,654,-1,PASS,2008-09-02T02:50:00
LOT_0656,655,-1,PASS,2008-09-02T02:52:00
LOT_0657,656,-1,PASS,2008-09-02T03:33:00
LOT_0658,657,-1,PASS,2008-09-02T03:35:00
LOT_0659,658,-1,PASS,2008-09-02T03:35:00
LOT_0660,659,-1,PASS,2008-09-02T04:19:00
LOT_0661,660,-1,PASS,2008-09-02T04:22:00
LOT_0662,661,-1,PASS,2008-09-02T05:46:00
LOT_0663,662,-1,PASS,2008-09-02T06:03:00
LOT_0664,663,-1,PASS,2008-09-02T06:19:00
LOT_0665,664,-1,PASS,2008-09-02T06:32:00
LOT_0666,665,-1,PASS,2008-09-02T06:48:00
LOT_0667,666,-1,PASS,2008-09-02T07:22:00
LOT_0668,667,-1,PASS,2008-09-02T07:32:00
LOT_0669,668,-1,PASS,2008-09-02T08:15:00
LOT_0670,669,-1,PASS,2008-09-02T08:54:00
LOT_0671,670,-1,PASS,2008-09-02T09:36:00
LOT_0672,671,-1,PASS,2008-09-02T09:37:00
LOT_0673,672,-1,PASS,2008-09-02T10:13:00
LOT_0674,673,-1,PASS,2008-09-02T10:21:00
LOT_0675,674,-1,PASS,2008-09-02T10:25:00
LOT_0676,675,-1,PASS,2008-09-02T10:33:00
LOT_0677,676,-1,PASS,2008-09-02T11:08:00
LOT_0678,677,-1,PASS,2008-09-02T11:22:00
LOT_0679,678,-1,PASS,2008-09-02T11:47:00
LOT_0680,679,-1,PASS,2008-09-02T11:49:00
LOT_0681,680,-1,PASS,2008-09-02T12:01:00
LOT_0682,681,-1,PASS,2008-09-02T12:17:00
LOT_0683,682,-1,PASS,2008-09-02T12:26:00
LOT_0684,683,-1,PASS,2008-09-02T12:30:00
LOT_0685,684,-1,PASS,2008-09-02T12:44:00
LOT_0686,685,-1,PASS,2008-09-02T13:05:00
LOT_0687,686,-1,PASS,2008-09-02T13:08:00
LOT_0688,687,-1,PASS,2008-09-02T13:27:00
LOT_0689,688,-1,PASS,2008-09-02T13:40:00
LOT_0690,689,-1,PASS,2008-09-02T14:09:00
LOT_0691,690,-1,PASS,2008-09-02T14:21:00
LOT_0692,691,-1,PASS,2008-09-02T14:34:00
LOT_0693,692,-1,PASS,2008-09-02T15:29:00
LOT_0694,693,-1,PASS,2008-09-02T16:10:00
LOT_0695,694,-1,PASS,2008-09-02T16:50:00
LOT_0696,695,-1,PASS,2008-09-02T16:54:00
LOT_0697,696,-1,PASS,2008-09-02T16:58:00
LOT_0698,697,-1,PASS,2008-09-02T17:10:00
LOT_0699,698,-1,PASS,2008-09-02T17:18:00
LOT_0700,699,-1,PASS,2008-09-02T18:38:00
LOT_0701,700,-1,PASS,2008-09-02T18:52:00
LOT_0702,701,-1,PASS,2008-09-02T19:18:00
LOT_0703,702,-1,PASS,2008-09-02T20:18:00
LOT_0704,703,-1,PASS,2008-09-02T20:52:00
LOT_0705,704,-1,PASS,2008-09-02T20:58:00
LOT_0706,705,-1,PASS,2008-09-02T20:59:00
LOT_0707,706,-1,PASS,2008-09-03T00:18:00
LOT_0708,707,-1,PASS,2008-09-03T00:45:00
LOT_0709,708,-1,PASS,2008-09-03T00:58:00
LOT_0710,709,1,FAIL,2008-09-03T01:15:00
LOT_0711,710,-1,PASS,2008-09-03T01:32:00
LOT_0712,711,-1,PASS,2008-09-03T04:18:00
LOT_0713,712,-1,PASS,2008-09-03T06:26:00
LOT_0714,713,-1,PASS,2008-09-03T09:38:00
LOT_0715,714,-1,PASS,2008-09-03T14:24:00
LOT_0716,715,-1,PASS,2008-09-03T14:29:00
LOT_0717,716,-1,PASS,2008-09-03T17:22:00
LOT_0718,717,-1,PASS,2008-09-03T18:16:00
LOT_0719,718,-1,PASS,2008-09-03T18:16:00
LOT_0720,719,-1,PASS,2008-09-03T20:00:00
LOT_0721,720,-1,PASS,2008-09-03T20:10:00
LOT_0722,721,-1,PASS,2008-09-04T08:01:00
LOT_0723,722,-1,PASS,2008-09-04T08:22:00
LOT_0724,723,-1,PASS,2008-09-04T08:33:00
LOT_0725,724,-1,PASS,2008-09-04T08:41:00
LOT_0726,725,-1,PASS,2008-09-04T08:53:00
LOT_0727,726,-1,PASS,2008-09-04T11:50:00
LOT_0728,727,-1,PASS,2008-09-04T14:09:00
LOT_0729,728,-1,PASS,2008-09-04T14:11:00
LOT_0730,729,-1,PASS,2008-09-04T14:48:00
LOT_0731,730,-1,PASS,2008-09-04T16:30:00
LOT_0732,731,-1,PASS,2008-09-04T16:41:00
LOT_0733,732,-1,PASS,2008-09-04T16:56:00
LOT_0734,733,-1,PASS,2008-09-04T17:30:00
LOT_0735,734,-1,PASS,2008-09-05T15:30:00
LOT_0736,735,-1,PASS,2008-09-05T21:48:00
LOT_0737,736,-1,PASS,2008-09-07T00:08:00
LOT_0738,737,-1,PASS,2008-09-07T00:12:00
LOT_0739,738,-1,PASS,2008-09-07T00:49:00
LOT_0740,739,-1,PASS,2008-09-07T10:52:00
LOT_0741,740,-1,PASS,2008-09-07T12:04:00
LOT_0742,741,-1,PASS,2008-09-07T12:20:00
LOT_0743,742,-1,PASS,2008-09-07T13:02:00
LOT_0744,743,-1,PASS,2008-09-07T18:02:00
LOT_0745,744,-1,PASS,2008-09-07T18:24:00
LOT_0746,745,-1,PASS,2008-09-07T18:49:00
LOT_0747,746,-1,PASS,2008-09-07T19:29:00
LOT_0748,747,-1,PASS,2008-09-07T19:31:00
LOT_0749,748,-1,PASS,2008-09-07T20:12:00
LOT_0750,749,-1,PASS,2008-09-07T20:50:00
LOT_0751,750,-1,PASS,2008-09-07T23:33:00
LOT_0752,751,-1,PASS,2008-09-08T00:32:00
LOT_0753,752,-1,PASS,2008-09-08T00:40:00
LOT_0754,753,-1,PASS,2008-09-08T01:24:00
LOT_0755,754,-1,PASS,2008-09-08T03:32:00
LOT_0756,755,-1,PASS,2008-09-08T03:48:00
LOT_0757,756,-1,PASS,2008-09-08T04:21:00
LOT_0758,757,-1,PASS,2008-09-08T06:37:00
LOT_0759,758,-1,PASS,2008-09-08T07:14:00
LOT_0760,759,-1,PASS,2008-09-08T07:41:00
LOT_0761,760,-1,PASS,2008-09-08T18:46:00
LOT_0762,761,-1,PASS,2008-09-08T19:14:00
LOT_0763,762,-1,PASS,2008-09-08T19:15:00
LOT_0764,763,-1,PASS,2008-09-08T19:25:00
LOT_0765,764,-1,PASS,2008-09-08T19:33:00
LOT_0766,765,-1,PASS,2008-09-08T20:00:00
LOT_0767,766,-1,PASS,2008-09-08T21:36:00
LOT_0768,767,-1,PASS,2008-09-08T21:53:00
LOT_0769,768,-1,PASS,2008-09-08T22:17:00
LOT_0770,769,-1,PASS,2008-09-09T00:25:00
LOT_0771,770,-1,PASS,2008-09-09T03:53:00
LOT_0772,771,-1,PASS,2008-09-09T08:44:00
LOT_0773,772,-1,PASS,2008-09-10T07:26:00
LOT_0774,773,-1,PASS,2008-09-10T09:21:00
LOT_0775,774,-1,PASS,2008-09-10T20:52:00
LOT_0776,775,-1,PASS,2008-09-10T20:53:00
LOT_0777,776,-1,PASS,2008-09-10T21:56:00
LOT_0778,777,-1,PASS,2008-09-10T23:30:00
LOT_0779,778,-1,PASS,2008-09-10T23:43:00
LOT_0780,779,-1,PASS,2008-09-11T00:17:00
LOT_0781,780,-1,PASS,2008-09-11T05:20:00
LOT_0782,781,-1,PASS,2008-09-11T06:04:00
LOT_0783,782,-1,PASS,2008-09-11T07:43:00
LOT_0784,783,-1,PASS,2008-09-11T08:06:00
LOT_0785,784,-1,PASS,2008-09-11T08:58:00
LOT_0786,785,-1,PASS,2008-09-11T09:24:00
LOT_0787,786,-1,PASS,2008-09-11T12:47:00
LOT_0788,787,-1,PASS,2008-09-11T13:36:00
LOT_0789,788,-1,PASS,2008-09-11T14:20:00
LOT_0790,789,-1,PASS,2008-09-11T14:24:00
LOT_0791,790,-1,PASS,2008-09-11T14:31:00
LOT_0792,791,-1,PASS,2008-09-11T15:05:00
LOT_0793,792,-1,PASS,2008-09-11T15:08:00
LOT_0794,793,-1,PASS,2008-09-11T16:28:00
LOT_0795,794,-1,PASS,2008-09-11T21:13:00
LOT_0796,795,1,FAIL,2008-09-11T22:07:00
LOT_0797,796,-1,PASS,2008-09-11T23:10:00
LOT_0798,797,1,FAIL,2008-09-11T23:48:00
LOT_0799,798,-1,PASS,2008-09-12T05:11:00
LOT_0800,799,-1,PASS,2008-09-12T05:55:00
LOT_0801,800,-1,PASS,2008-09-12T06:38:00
LOT_0802,801,-1,PASS,2008-09-12T06:41:00
LOT_0803,802,-1,PASS,2008-09-12T06:45:00
LOT_0804,803,-1,PASS,2008-09-12T07:21:00
LOT_0805,804,-1,PASS,2008-09-12T07:29:00
LOT_0806,805,-1,PASS,2008-09-12T07:38:00
LOT_0807,806,-1,PASS,2008-09-12T11:57:00
LOT_0808,807,-1,PASS,2008-09-12T13:08:00
LOT_0809,808,-1,PASS,2008-09-12T14:52:00
LOT_0810,809,-1,PASS,2008-09-12T15:40:00
LOT_0811,810,-1,PASS,2008-09-12T16:23:00
LOT_0812,811,-1,PASS,2008-09-12T18:01:00
LOT_0813,812,-1,PASS,2008-09-12T18:52:00
LOT_0814,813,-1,PASS,2008-09-12T19:36:00
LOT_0815,814,-1,PASS,2008-09-12T20:28:00
LOT_0816,815,-1,PASS,2008-09-12T21:12:00
LOT_0817,816,-1,PASS,2008-09-12T22:25:00
LOT_0818,817,-1,PASS,2008-09-12T22:45:00
LOT_0819,818,-1,PASS,2008-09-12T23:28:00
LOT_0820,819,-1,PASS,2008-09-12T23:40:00
LOT_0821,820,-1,PASS,2008-09-13T00:25:00
LOT_0822,821,-1,PASS,2008-09-13T02:57:00
LOT_0823,822,-1,PASS,2008-09-13T03:14:00
LOT_0824,823,-1,PASS,2008-09-13T09:19:00
LOT_0825,824,-1,PASS,2008-09-13T10:55:00
LOT_0826,825,-1,PASS,2008-09-13T11:42:00
LOT_0827,826,1,FAIL,2008-09-13T11:56:00
LOT_0828,827,-1,PASS,2008-09-13T12:48:00
LOT_0829,828,-1,PASS,2008-09-13T14:07:00
LOT_0830,829,-1,PASS,2008-09-13T16:04:00
LOT_0831,830,-1,PASS,2008-09-13T16:04:00
LOT_0832,831,1,FAIL,2008-09-13T20:06:00
LOT_0833,832,-1,PASS,2008-09-14T02:50:00
LOT_0834,833,-1,PASS,2008-09-14T02:59:00
LOT_0835,834,-1,PASS,2008-09-14T15:02:00
LOT_0836,835,-1,PASS,2008-09-14T15:46:00
LOT_0837,836,-1,PASS,2008-09-14T16:34:00
LOT_0838,837,-1,PASS,2008-09-14T17:40:00
LOT_0839,838,-1,PASS,2008-09-14T18:27:00
LOT_0840,839,-1,PASS,2008-09-14T18:27:00
LOT_0841,840,-1,PASS,2008-09-14T19:13:00
LOT_0842,841,-1,PASS,2008-09-14T20:00:00
LOT_0843,842,-1,PASS,2008-09-14T20:43:00
LOT_0844,843,-1,PASS,2008-09-14T20:45:00
LOT_0845,844,-1,PASS,2008-09-14T21:31:00
LOT_0846,845,-1,PASS,2008-09-14T23:00:00
LOT_0847,846,-1,PASS,2008-09-15T02:04:00
LOT_0848,847,-1,PASS,2008-09-15T10:03:00
LOT_0849,848,-1,PASS,2008-09-15T11:40:00
LOT_0850,849,-1,PASS,2008-09-15T12:27:00
LOT_0851,850,-1,PASS,2008-09-15T16:10:00
LOT_0852,851,-1,PASS,2008-09-15T16:59:00
LOT_0853,852,-1,PASS,2008-09-15T19:54:00
LOT_0854,853,-1,PASS,2008-09-15T21:56:00
LOT_0855,854,-1,PASS,2008-09-15T22:13:00
LOT_0856,855,-1,PASS,2008-09-15T22:45:00
LOT_0857,856,-1,PASS,2008-09-15T22:54:00
LOT_0858,857,-1,PASS,2008-09-15T23:37:00
LOT_0859,858,-1,PASS,2008-09-16T07:39:00
LOT_0860,859,-1,PASS,2008-09-16T07:48:00
LOT_0861,860,-1,PASS,2008-09-16T08:50:00
LOT_0862,861,-1,PASS,2008-09-16T08:52:00
LOT_0863,862,-1,PASS,2008-09-16T09:37:00
LOT_0864,863,-1,PASS,2008-09-16T17:07:00
LOT_0865,864,-1,PASS,2008-09-16T18:09:00
LOT_0866,865,-1,PASS,2008-09-16T18:23:00
LOT_0867,866,-1,PASS,2008-09-16T19:34:00
LOT_0868,867,-1,PASS,2008-09-16T19:45:00
LOT_0869,868,-1,PASS,2008-09-16T21:21:00
LOT_0870,869,-1,PASS,2008-09-16T22:45:00
LOT_0871,870,-1,PASS,2008-09-17T02:01:00
LOT_0872,871,1,FAIL,2008-09-17T04:23:00
LOT_0873,872,-1,PASS,2008-09-17T07:14:00
LOT_0874,873,-1,PASS,2008-09-17T07:28:00
LOT_0875,874,-1,PASS,2008-09-17T21:52:00
LOT_0876,875,-1,PASS,2008-09-18T00:57:00
LOT_0877,876,-1,PASS,2008-09-18T01:40:00
LOT_0878,877,-1,PASS,2008-09-18T01:43:00
LOT_0879,878,-1,PASS,2008-09-18T02:01:00
LOT_0880,879,-1,PASS,2008-09-18T03:58:00
LOT_0881,880,-1,PASS,2008-09-18T03:58:00
LOT_0882,881,-1,PASS,2008-09-18T05:44:00
LOT_0883,882,-1,PASS,2008-09-18T05:58:00
LOT_0884,883,-1,PASS,2008-09-18T08:04:00
LOT_0885,884,-1,PASS,2008-09-18T10:48:00
LOT_0886,885,-1,PASS,2008-09-18T13:48:00
LOT_0887,886,-1,PASS,2008-09-18T17:22:00
LOT_0888,887,-1,PASS,2008-09-18T18:12:00
LOT_0889,888,-1,PASS,2008-09-18T18:56:00
LOT_0890,889,-1,PASS,2008-09-18T21:12:00
LOT_0891,890,-1,PASS,2008-09-18T21:56:00
LOT_0892,891,-1,PASS,2008-09-18T23:00:00
LOT_0893,892,-1,PASS,2008-09-18T23:05:00
LOT_0894,893,-1,PASS,2008-09-18T23:44:00
LOT_0895,894,-1,PASS,2008-09-19T00:30:00
LOT_0896,895,-1,PASS,2008-09-19T01:57:00
LOT_0897,896,-1,PASS,2008-09-19T02:44:00
LOT_0898,897,-1,PASS,2008-09-19T04:42:00
LOT_0899,898,-1,PASS,2008-09-19T05:33:00
LOT_0900,899,-1,PASS,2008-09-19T05:57:00
LOT_0901,900,-1,PASS,2008-09-19T06:01:00
LOT_0902,901,-1,PASS,2008-09-19T06:44:00
LOT_0903,902,-1,PASS,2008-09-19T07:14:00
LOT_0904,903,-1,PASS,2008-09-19T07:18:00
LOT_0905,904,-1,PASS,2008-09-19T08:08:00
LOT_0906,905,-1,PASS,2008-09-19T08:52:00
LOT_0907,906,-1,PASS,2008-09-19T09:12:00
LOT_0908,907,-1,PASS,2008-09-19T09:47:00
LOT_0909,908,-1,PASS,2008-09-19T10:45:00
LOT_0910,909,-1,PASS,2008-09-19T11:13:00
LOT_0911,910,-1,PASS,2008-09-19T11:54:00
LOT_0912,911,-1,PASS,2008-09-19T13:59:00
LOT_0913,912,-1,PASS,2008-09-19T15:31:00
LOT_0914,913,-1,PASS,2008-09-19T16:40:00
LOT_0915,914,1,FAIL,2008-09-19T16:58:00
LOT_0916,915,-1,PASS,2008-09-19T17:47:00
LOT_0917,916,-1,PASS,2008-09-19T18:11:00
LOT_0918,917,-1,PASS,2008-09-19T18:33:00
LOT_0919,918,-1,PASS,2008-09-19T19:18:00
LOT_0920,919,-1,PASS,2008-09-19T19:29:00
LOT_0921,920,-1,PASS,2008-09-19T20:05:00
LOT_0922,921,-1,PASS,2008-09-19T20:07:00
LOT_0923,922,-1,PASS,2008-09-19T20:10:00
LOT_0924,923,-1,PASS,2008-09-19T20:17:00
LOT_0925,924,1,FAIL,2008-09-19T20:19:00
LOT_0926,925,-1,PASS,2008-09-19T21:08:00
LOT_0927,926,1,FAIL,2008-09-19T21:09:00
LOT_0928,927,-1,PASS,2008-09-19T21:13:00
LOT_0929,928,-1,PASS,2008-09-19T21:14:00
LOT_0930,929,1,FAIL,2008-09-19T21:59:00
LOT_0931,930,-1,PASS,2008-09-19T23:26:00
LOT_0932,931,-1,PASS,2008-09-19T23:33:00
LOT_0933,932,-1,PASS,2008-09-20T00:18:00
LOT_0934,933,-1,PASS,2008-09-20T00:33:00
LOT_0935,934,-1,PASS,2008-09-20T03:58:00
LOT_0936,935,-1,PASS,2008-09-20T04:13:00
LOT_0937,936,-1,PASS,2008-09-20T04:28:00
LOT_0938,937,-1,PASS,2008-09-20T05:22:00
LOT_0939,938,-1,PASS,2008-09-20T05:25:00
LOT_0940,939,-1,PASS,2008-09-20T05:34:00
LOT_0941,940,-1,PASS,2008-09-20T06:08:00
LOT_0942,941,-1,PASS,2008-09-20T07:21:00
LOT_0943,942,-1,PASS,2008-09-20T08:14:00
LOT_0944,943,-1,PASS,2008-09-20T10:51:00
LOT_0945,944,-1,PASS,2008-09-20T11:18:00
LOT_0946,945,-1,PASS,2008-09-20T12:20:00
LOT_0947,946,-1,PASS,2008-09-20T12:26:00
LOT_0948,947,-1,PASS,2008-09-20T12:27:00
LOT_0949,948,-1,PASS,2008-09-20T12:36:00
LOT_0950,949,-1,PASS,2008-09-20T12:57:00
LOT_0951,950,-1,PASS,2008-09-20T14:00:00
LOT_0952,951,-1,PASS,2008-09-20T14:06:00
LOT_0953,952,-1,PASS,2008-09-20T14:42:00
LOT_0954,953,-1,PASS,2008-09-20T14:50:00
LOT_0955,954,-1,PASS,2008-09-20T14:53:00
LOT_0956,955,-1,PASS,2008-09-20T15:02:00
LOT_0957,956,-1,PASS,2008-09-20T15:19:00
LOT_0958,957,-1,PASS,2008-09-20T15:37:00
LOT_0959,958,-1,PASS,2008-09-20T15:46:00
LOT_0960,959,-1,PASS,2008-09-20T16:43:00
LOT_0961,960,-1,PASS,2008-09-20T16:44:00
LOT_0962,961,-1,PASS,2008-09-20T17:26:00
LOT_0963,962,-1,PASS,2008-09-20T17:29:00
LOT_0964,963,-1,PASS,2008-09-20T18:03:00
LOT_0965,964,-1,PASS,2008-09-20T18:21:00
LOT_0966,965,-1,PASS,2008-09-20T18:56:00
LOT_0967,966,-1,PASS,2008-09-20T19:14:00
LOT_0968,967,-1,PASS,2008-09-20T19:21:00
LOT_0969,968,-1,PASS,2008-09-20T23:34:00
LOT_0970,969,-1,PASS,2008-09-21T00:48:00
LOT_0971,970,-1,PASS,2008-09-21T01:06:00
LOT_0972,971,-1,PASS,2008-09-21T02:07:00
LOT_0973,972,-1,PASS,2008-09-21T03:04:00
LOT_0974,973,-1,PASS,2008-09-21T03:47:00
LOT_0975,974,-1,PASS,2008-09-21T04:17:00
LOT_0976,975,-1,PASS,2008-09-21T04:49:00
LOT_0977,976,-1,PASS,2008-09-21T07:30:00
LOT_0978,977,-1,PASS,2008-09-21T07:55:00
LOT_0979,978,-1,PASS,2008-09-21T08:22:00
LOT_0980,979,-1,PASS,2008-09-21T08:49:00
LOT_0981,980,-1,PASS,2008-09-21T09:16:00
LOT_0982,981,-1,PASS,2008-09-21T09:31:00
LOT_0983,982,-1,PASS,2008-09-21T10:07:00
LOT_0984,983,-1,PASS,2008-09-21T10:49:00
LOT_0985,984,-1,PASS,2008-09-21T11:33:00
LOT_0986,985,-1,PASS,2008-09-21T12:04:00
LOT_0987,986,-1,PASS,2008-09-21T14:30:00
LOT_0988,987,-1,PASS,2008-09-21T14:31:00
LOT_0989,988,-1,PASS,2008-09-21T14:33:00
LOT_0990,989,-1,PASS,2008-09-21T15:15:00
LOT_0991,990,-1,PASS,2008-09-21T15:26:00
LOT_0992,991,-1,PASS,2008-09-21T15:34:00
LOT_0993,992,-1,PASS,2008-09-21T16:43:00
LOT_0994,993,-1,PASS,2008-09-21T17:26:00
LOT_0995,994,-1,PASS,2008-09-21T17:30:00
LOT_0996,995,-1,PASS,2008-09-21T18:12:00
LOT_0997,996,-1,PASS,2008-09-21T19:19:00
LOT_0998,997,-1,PASS,2008-09-21T20:35:00
LOT_0999,998,-1,PASS,2008-09-21T21:54:00
LOT_1000,999,-1,PASS,2008-09-21T22:02:00
LOT_1001,1000,-1,PASS,2008-09-22T00:12:00
LOT_1002,1001,-1,PASS,2008-09-22T00:28:00
LOT_1003,1002,-1,PASS,2008-09-22T00:47:00
LOT_1004,1003,-1,PASS,2008-09-22T01:43:00
LOT_1005,1004,-1,PASS,2008-09-22T03:51:00
LOT_1006,1005,-1,PASS,2008-09-22T06:05:00
LOT_1007,1006,-1,PASS,2008-09-22T07:12:00
LOT_1008,1007,-1,PASS,2008-09-22T10:43:00
LOT_1009,1008,-1,PASS,2008-09-22T11:50:00
LOT_1010,1009,-1,PASS,2008-09-22T12:11:00
LOT_1011,1010,-1,PASS,2008-09-22T12:45:00
LOT_1012,1011,-1,PASS,2008-09-22T13:03:00
LOT_1013,1012,-1,PASS,2008-09-22T14:24:00
LOT_1014,1013,-1,PASS,2008-09-22T14:27:00
LOT_1015,1014,-1,PASS,2008-09-22T14:36:00
LOT_1016,1015,-1,PASS,2008-09-22T16:25:00
LOT_1017,1016,-1,PASS,2008-09-22T21:30:00
LOT_1018,1017,-1,PASS,2008-09-22T21:31:00
LOT_1019,1018,-1,PASS,2008-09-22T22:15:00
LOT_1020,1019,-1,PASS,2008-09-22T22:17:00
LOT_1021,1020,-1,PASS,2008-09-22T23:01:00
LOT_1022,1021,-1,PASS,2008-09-22T23:10:00
LOT_1023,1022,-1,PASS,2008-09-23T00:57:00
LOT_1024,1023,-1,PASS,2008-09-23T06:44:00
LOT_1025,1024,-1,PASS,2008-09-23T06:44:00
LOT_1026,1025,-1,PASS,2008-09-23T06:52:00
LOT_1027,1026,-1,PASS,2008-09-23T07:58:00
LOT_1028,1027,-1,PASS,2008-09-23T08:11:00
LOT_1029,1028,-1,PASS,2008-09-23T09:43:00
LOT_1030,1029,1,FAIL,2008-09-23T11:14:00
LOT_1031,1030,-1,PASS,2008-09-23T11:42:00
LOT_1032,1031,-1,PASS,2008-09-23T11:43:00
LOT_1033,1032,-1,PASS,2008-09-23T12:29:00
LOT_1034,1033,-1,PASS,2008-09-23T12:31:00
LOT_1035,1034,-1,PASS,2008-09-23T12:46:00
LOT_1036,1035,-1,PASS,2008-09-23T13:37:00
LOT_1037,1036,-1,PASS,2008-09-23T15:23:00
LOT_1038,1037,-1,PASS,2008-09-23T15:33:00
LOT_1039,1038,-1,PASS,2008-09-23T15:58:00
LOT_1040,1039,-1,PASS,2008-09-23T18:10:00
LOT_1041,1040,-1,PASS,2008-09-23T18:36:00
LOT_1042,1041,-1,PASS,2008-09-23T18:56:00
LOT_1043,1042,-1,PASS,2008-09-23T20:18:00
LOT_1044,1043,-1,PASS,2008-09-23T20:59:00
LOT_1045,1044,-1,PASS,2008-09-23T21:26:00
LOT_1046,1045,-1,PASS,2008-09-23T22:25:00
LOT_1047,1046,-1,PASS,2008-09-24T02:19:00
LOT_1048,1047,-1,PASS,2008-09-24T02:44:00
LOT_1049,1048,-1,PASS,2008-09-24T03:32:00
LOT_1050,1049,-1,PASS,2008-09-24T03:40:00
LOT_1051,1050,-1,PASS,2008-09-24T05:13:00
LOT_1052,1051,-1,PASS,2008-09-24T05:22:00
LOT_1053,1052,-1,PASS,2008-09-24T06:13:00
LOT_1054,1053,-1,PASS,2008-09-24T06:14:00
LOT_1055,1054,-1,PASS,2008-09-24T07:23:00
LOT_1056,1055,-1,PASS,2008-09-24T10:10:00
LOT_1057,1056,-1,PASS,2008-09-24T10:53:00
LOT_1058,1057,-1,PASS,2008-09-24T10:59:00
LOT_1059,1058,-1,PASS,2008-09-24T11:47:00
LOT_1060,1059,-1,PASS,2008-09-24T12:04:00
LOT_1061,1060,-1,PASS,2008-09-24T12:35:00
LOT_1062,1061,-1,PASS,2008-09-24T13:01:00
LOT_1063,1062,1,FAIL,2008-09-24T15:05:00
LOT_1064,1063,-1,PASS,2008-09-24T15:39:00
LOT_1065,1064,-1,PASS,2008-09-24T15:42:00
LOT_1066,1065,-1,PASS,2008-09-24T15:43:00
LOT_1067,1066,-1,PASS,2008-09-24T16:26:00
LOT_1068,1067,-1,PASS,2008-09-24T17:54:00
LOT_1069,1068,-1,PASS,2008-09-24T18:05:00
LOT_1070,1069,-1,PASS,2008-09-25T01:05:00
LOT_1071,1070,-1,PASS,2008-09-25T02:03:00
LOT_1072,1071,-1,PASS,2008-09-25T06:21:00
LOT_1073,1072,-1,PASS,2008-09-25T07:12:00
LOT_1074,1073,-1,PASS,2008-09-25T07:58:00
LOT_1075,1074,-1,PASS,2008-09-25T08:45:00
LOT_1076,1075,-1,PASS,2008-09-25T09:31:00
LOT_1077,1076,-1,PASS,2008-09-25T10:23:00
LOT_1078,1077,-1,PASS,2008-09-25T11:08:00
LOT_1079,1078,-1,PASS,2008-09-25T11:09:00
LOT_1080,1079,-1,PASS,2008-09-25T11:55:00
LOT_1081,1080,-1,PASS,2008-09-25T13:42:00
LOT_1082,1081,-1,PASS,2008-09-25T14:08:00
LOT_1083,1082,-1,PASS,2008-09-25T14:28:00
LOT_1084,1083,-1,PASS,2008-09-25T15:12:00
LOT_1085,1084,-1,PASS,2008-09-25T15:40:00
LOT_1086,1085,-1,PASS,2008-09-25T15:55:00
LOT_1087,1086,-1,PASS,2008-09-25T16:44:00
LOT_1088,1087,-1,PASS,2008-09-25T17:28:00
LOT_1089,1088,-1,PASS,2008-09-25T17:29:00
LOT_1090,1089,-1,PASS,2008-09-25T19:49:00
LOT_1091,1090,-1,PASS,2008-09-25T22:05:00
LOT_1092,1091,-1,PASS,2008-09-25T23:04:00
LOT_1093,1092,-1,PASS,2008-09-25T23:48:00
LOT_1094,1093,-1,PASS,2008-09-26T00:19:00
LOT_1095,1094,-1,PASS,2008-09-26T01:21:00
LOT_1096,1095,-1,PASS,2008-09-26T02:26:00
LOT_1097,1096,-1,PASS,2008-09-26T03:12:00
LOT_1098,1097,-1,PASS,2008-09-26T03:29:00
LOT_1099,1098,-1,PASS,2008-09-26T04:14:00
LOT_1100,1099,-1,PASS,2008-09-26T05:32:00
LOT_1101,1100,-1,PASS,2008-09-26T11:08:00
LOT_1102,1101,-1,PASS,2008-09-26T13:36:00
LOT_1103,1102,-1,PASS,2008-09-26T13:45:00
LOT_1104,1103,-1,PASS,2008-09-26T14:20:00
LOT_1105,1104,-1,PASS,2008-09-26T14:51:00
LOT_1106,1105,-1,PASS,2008-09-26T15:06:00
LOT_1107,1106,-1,PASS,2008-09-26T15:36:00
LOT_1108,1107,-1,PASS,2008-09-26T15:49:00
LOT_1109,1108,-1,PASS,2008-09-26T16:31:00
LOT_1110,1109,-1,PASS,2008-09-26T17:59:00
LOT_1111,1110,-1,PASS,2008-09-26T18:54:00
LOT_1112,1111,-1,PASS,2008-09-26T19:38:00
LOT_1113,1112,-1,PASS,2008-09-26T19:45:00
LOT_1114,1113,-1,PASS,2008-09-26T19:55:00
LOT_1115,1114,-1,PASS,2008-09-26T20:23:00
LOT_1116,1115,-1,PASS,2008-09-26T20:31:00
LOT_1117,1116,-1,PASS,2008-09-27T00:16:00
LOT_1118,1117,-1,PASS,2008-09-27T00:17:00
LOT_1119,1118,-1,PASS,2008-09-27T01:29:00
LOT_1120,1119,-1,PASS,2008-09-27T03:53:00
LOT_1121,1120,-1,PASS,2008-09-27T10:10:00
LOT_1122,1121,-1,PASS,2008-09-27T10:13:00
LOT_1123,1122,-1,PASS,2008-09-27T11:04:00
LOT_1124,1123,-1,PASS,2008-09-27T11:45:00
LOT_1125,1124,-1,PASS,2008-09-27T11:54:00
LOT_1126,1125,-1,PASS,2008-09-27T12:26:00
LOT_1127,1126,-1,PASS,2008-09-27T12:28:00
LOT_1128,1127,-1,PASS,2008-09-27T12:36:00
LOT_1129,1128,-1,PASS,2008-09-27T13:14:00
LOT_1130,1129,-1,PASS,2008-09-27T13:19:00
LOT_1131,1130,-1,PASS,2008-09-27T14:01:00
LOT_1132,1131,-1,PASS,2008-09-27T14:05:00
LOT_1133,1132,-1,PASS,2008-09-27T14:46:00
LOT_1134,1133,-1,PASS,2008-09-27T15:09:00
LOT_1135,1134,-1,PASS,2008-09-27T15:30:00
LOT_1136,1135,-1,PASS,2008-09-27T16:13:00
LOT_1137,1136,-1,PASS,2008-09-27T17:26:00
LOT_1138,1137,-1,PASS,2008-09-27T18:14:00
LOT_1139,1138,-1,PASS,2008-09-27T19:16:00
LOT_1140,1139,-1,PASS,2008-09-27T20:46:00
LOT_1141,1140,-1,PASS,2008-09-27T21:45:00
LOT_1142,1141,-1,PASS,2008-09-28T00:51:00
LOT_1143,1142,-1,PASS,2008-09-28T01:22:00
LOT_1144,1143,-1,PASS,2008-09-28T03:55:00
LOT_1145,1144,1,FAIL,2008-09-28T04:45:00
LOT_1146,1145,-1,PASS,2008-09-28T05:31:00
LOT_1147,1146,-1,PASS,2008-09-28T06:22:00
LOT_1148,1147,-1,PASS,2008-09-28T07:38:00
LOT_1149,1148,-1,PASS,2008-09-28T07:52:00
LOT_1150,1149,-1,PASS,2008-09-28T08:40:00
LOT_1151,1150,-1,PASS,2008-09-28T08:41:00
LOT_1152,1151,1,FAIL,2008-09-28T09:50:00
LOT_1153,1152,-1,PASS,2008-09-28T17:05:00
LOT_1154,1153,-1,PASS,2008-09-28T17:06:00
LOT_1155,1154,-1,PASS,2008-09-28T17:49:00
LOT_1156,1155,-1,PASS,2008-09-28T17:55:00
LOT_1157,1156,-1,PASS,2008-09-28T18:34:00
LOT_1158,1157,-1,PASS,2008-09-28T18:43:00
LOT_1159,1158,-1,PASS,2008-09-28T19:18:00
LOT_1160,1159,-1,PASS,2008-09-28T19:29:00
LOT_1161,1160,-1,PASS,2008-09-28T20:02:00
LOT_1162,1161,-1,PASS,2008-09-28T20:42:00
LOT_1163,1162,-1,PASS,2008-09-28T21:08:00
LOT_1164,1163,-1,PASS,2008-09-28T21:27:00
LOT_1165,1164,-1,PASS,2008-09-28T22:44:00
LOT_1166,1165,-1,PASS,2008-09-28T23:54:00
LOT_1167,1166,-1,PASS,2008-09-29T02:06:00
LOT_1168,1167,-1,PASS,2008-09-29T03:07:00
LOT_1169,1168,-1,PASS,2008-09-29T03:50:00
LOT_1170,1169,-1,PASS,2008-09-29T04:18:00
LOT_1171,1170,-1,PASS,2008-09-29T04:47:00
LOT_1172,1171,-1,PASS,2008-09-29T05:32:00
LOT_1173,1172,-1,PASS,2008-09-29T07:53:00
LOT_1174,1173,-1,PASS,2008-09-29T09:15:00
LOT_1175,1174,-1,PASS,2008-09-29T11:13:00
LOT_1176,1175,-1,PASS,2008-09-29T11:53:00
LOT_1177,1176,-1,PASS,2008-09-29T12:25:00
LOT_1178,1177,-1,PASS,2008-09-29T14:03:00
LOT_1179,1178,-1,PASS,2008-09-29T14:04:00
LOT_1180,1179,-1,PASS,2008-09-29T14:08:00
LOT_1181,1180,-1,PASS,2008-09-29T15:09:00
LOT_1182,1181,-1,PASS,2008-09-29T15:16:00
LOT_1183,1182,-1,PASS,2008-09-29T16:27:00
LOT_1184,1183,-1,PASS,2008-09-29T17:21:00
LOT_1185,1184,-1,PASS,2008-09-29T21:26:00
LOT_1186,1185,1,FAIL,2008-09-29T21:48:00
LOT_1187,1186,-1,PASS,2008-09-29T22:13:00
LOT_1188,1187,-1,PASS,2008-09-30T01:33:00
LOT_1189,1188,-1,PASS,2008-09-30T01:36:00
LOT_1190,1189,1,FAIL,2008-09-30T02:44:00
LOT_1191,1190,-1,PASS,2008-09-30T04:01:00
LOT_1192,1191,-1,PASS,2008-09-30T04:42:00
LOT_1193,1192,-1,PASS,2008-09-30T08:44:00
LOT_1194,1193,-1,PASS,2008-09-30T12:31:00
LOT_1195,1194,-1,PASS,2008-09-30T13:29:00
LOT_1196,1195,-1,PASS,2008-09-30T14:20:00
LOT_1197,1196,-1,PASS,2008-09-30T14:36:00
LOT_1198,1197,-1,PASS,2008-09-30T15:16:00
LOT_1199,1198,-1,PASS,2008-09-30T15:26:00
LOT_1200,1199,-1,PASS,2008-09-30T16:13:00
LOT_1201,1200,-1,PASS,2008-09-30T16:50:00
LOT_1202,1201,-1,PASS,2008-09-30T17:27:00
LOT_1203,1202,-1,PASS,2008-09-30T19:17:00
LOT_1204,1203,-1,PASS,2008-09-30T19:17:00
LOT_1205,1204,-1,PASS,2008-09-30T21:39:00
LOT_1206,1205,-1,PASS,2008-09-30T21:42:00
LOT_1207,1206,-1,PASS,2008-09-30T23:34:00
LOT_1208,1207,-1,PASS,2008-09-30T23:58:00
LOT_1209,1208,-1,PASS,2008-10-01T00:20:00
LOT_1210,1209,-1,PASS,2008-10-01T01:11:00
LOT_1211,1210,-1,PASS,2008-10-01T02:53:00
LOT_1212,1211,1,FAIL,2008-10-01T05:56:00
LOT_1213,1212,-1,PASS,2008-10-01T07:19:00
LOT_1214,1213,-1,PASS,2008-10-01T07:28:00
LOT_1215,1214,-1,PASS,2008-10-01T08:15:00
LOT_1216,1215,-1,PASS,2008-10-01T09:15:00
LOT_1217,1216,-1,PASS,2008-10-01T09:16:00
LOT_1218,1217,-1,PASS,2008-10-01T14:22:00
LOT_1219,1218,-1,PASS,2008-10-01T15:16:00
LOT_1220,1219,-1,PASS,2008-10-01T16:43:00
LOT_1221,1220,-1,PASS,2008-10-01T19:57:00
LOT_1222,1221,-1,PASS,2008-10-01T21:15:00
LOT_1223,1222,-1,PASS,2008-10-01T21:50:00
LOT_1224,1223,-1,PASS,2008-10-01T22:47:00
LOT_1225,1224,-1,PASS,2008-10-01T23:34:00
LOT_1226,1225,-1,PASS,2008-10-02T00:21:00
LOT_1227,1226,-1,PASS,2008-10-02T00:22:00
LOT_1228,1227,1,FAIL,2008-10-02T03:17:00
LOT_1229,1228,-1,PASS,2008-10-02T03:27:00
LOT_1230,1229,-1,PASS,2008-10-02T04:11:00
LOT_1231,1230,-1,PASS,2008-10-02T04:23:00
LOT_1232,1231,-1,PASS,2008-10-02T04:24:00
LOT_1233,1232,-1,PASS,2008-10-02T06:49:00
LOT_1234,1233,-1,PASS,2008-10-02T07:35:00
LOT_1235,1234,-1,PASS,2008-10-02T07:58:00
LOT_1236,1235,-1,PASS,2008-10-02T08:24:00
LOT_1237,1236,-1,PASS,2008-10-02T08:52:00
LOT_1238,1237,-1,PASS,2008-10-02T08:57:00
LOT_1239,1238,1,FAIL,2008-10-02T09:10:00
LOT_1240,1239,-1,PASS,2008-10-02T09:42:00
LOT_1241,1240,-1,PASS,2008-10-02T10:03:00
LOT_1242,1241,1,FAIL,2008-10-02T14:07:00
LOT_1243,1242,1,FAIL,2008-10-02T14:10:00
LOT_1244,1243,-1,PASS,2008-10-02T14:54:00
LOT_1245,1244,-1,PASS,2008-10-02T15:10:00
LOT_1246,1245,-1,PASS,2008-10-02T15:44:00
LOT_1247,1246,-1,PASS,2008-10-02T15:58:00
LOT_1248,1247,-1,PASS,2008-10-02T16:32:00
LOT_1249,1248,-1,PASS,2008-10-02T16:58:00
LOT_1250,1249,-1,PASS,2008-10-02T17:00:00
LOT_1251,1250,-1,PASS,2008-10-02T17:19:00
LOT_1252,1251,-1,PASS,2008-10-02T19:21:00
LOT_1253,1252,-1,PASS,2008-10-02T19:25:00
LOT_1254,1253,-1,PASS,2008-10-02T20:54:00
LOT_1255,1254,1,FAIL,2008-10-02T21:32:00
LOT_1256,1255,-1,PASS,2008-10-02T21:33:00
LOT_1257,1256,-1,PASS,2008-10-02T22:23:00
LOT_1258,1257,-1,PASS,2008-10-02T22:33:00
LOT_1259,1258,-1,PASS,2008-10-02T23:32:00
LOT_1260,1259,-1,PASS,2008-10-02T23:32:00
LOT_1261,1260,-1,PASS,2008-10-03T00:24:00
LOT_1262,1261,-1,PASS,2008-10-03T00:55:00
LOT_1263,1262,-1,PASS,2008-10-03T02:41:00
LOT_1264,1263,-1,PASS,2008-10-03T03:52:00
LOT_1265,1264,-1,PASS,2008-10-03T03:56:00
LOT_1266,1265,-1,PASS,2008-10-03T04:49:00
LOT_1267,1266,-1,PASS,2008-10-03T05:01:00
LOT_1268,1267,-1,PASS,2008-10-03T05:45:00
LOT_1269,1268,-1,PASS,2008-10-03T06:15:00
LOT_1270,1269,-1,PASS,2008-10-03T08:35:00
LOT_1271,1270,-1,PASS,2008-10-03T09:30:00
LOT_1272,1271,-1,PASS,2008-10-03T11:40:00
LOT_1273,1272,-1,PASS,2008-10-03T12:31:00
LOT_1274,1273,-1,PASS,2008-10-03T18:45:00
LOT_1275,1274,-1,PASS,2008-10-03T19:23:00
LOT_1276,1275,-1,PASS,2008-10-03T19:23:00
LOT_1277,1276,-1,PASS,2008-10-03T20:11:00
LOT_1278,1277,-1,PASS,2008-10-03T20:26:00
LOT_1279,1278,-1,PASS,2008-10-03T20:35:00
LOT_1280,1279,-1,PASS,2008-10-03T20:46:00
LOT_1281,1280,-1,PASS,2008-10-03T21:15:00
LOT_1282,1281,-1,PASS,2008-10-03T21:52:00
LOT_1283,1282,-1,PASS,2008-10-03T22:08:00
LOT_1284,1283,-1,PASS,2008-10-03T22:53:00
LOT_1285,1284,-1,PASS,2008-10-03T23:46:00
LOT_1286,1285,-1,PASS,2008-10-04T00:58:00
LOT_1287,1286,-1,PASS,2008-10-04T01:49:00
LOT_1288,1287,-1,PASS,2008-10-04T02:36:00
LOT_1289,1288,-1,PASS,2008-10-04T03:53:00
LOT_1290,1289,-1,PASS,2008-10-04T04:12:00
LOT_1291,1290,-1,PASS,2008-10-04T04:45:00
LOT_1292,1291,-1,PASS,2008-10-04T09:29:00
LOT_1293,1292,-1,PASS,2008-10-04T15:16:00
LOT_1294,1293,-1,PASS,2008-10-04T16:58:00
LOT_1295,1294,-1,PASS,2008-10-04T18:15:00
LOT_1296,1295,-1,PASS,2008-10-04T18:25:00
LOT_1297,1296,-1,PASS,2008-10-04T18:59:00
LOT_1298,1297,-1,PASS,2008-10-04T19:12:00
LOT_1299,1298,-1,PASS,2008-10-04T19:47:00
LOT_1300,1299,-1,PASS,2008-10-04T19:54:00
LOT_1301,1300,-1,PASS,2008-10-04T20:39:00
LOT_1302,1301,-1,PASS,2008-10-04T22:06:00
LOT_1303,1302,1,FAIL,2008-10-04T23:18:00
LOT_1304,1303,1,FAIL,2008-10-05T00:33:00
LOT_1305,1304,-1,PASS,2008-10-05T00:33:00
LOT_1306,1305,-1,PASS,2008-10-05T01:35:00
LOT_1307,1306,-1,PASS,2008-10-05T04:01:00
LOT_1308,1307,-1,PASS,2008-10-05T04:20:00
LOT_1309,1308,-1,PASS,2008-10-05T04:48:00
LOT_1310,1309,-1,PASS,2008-10-05T05:31:00
LOT_1311,1310,-1,PASS,2008-10-05T05:53:00
LOT_1312,1311,-1,PASS,2008-10-05T06:15:00
LOT_1313,1312,-1,PASS,2008-10-05T08:02:00
LOT_1314,1313,-1,PASS,2008-10-05T08:40:00
LOT_1315,1314,-1,PASS,2008-10-05T09:04:00
LOT_1316,1315,-1,PASS,2008-10-05T09:47:00
LOT_1317,1316,-1,PASS,2008-10-05T10:00:00
LOT_1318,1317,-1,PASS,2008-10-05T10:43:00
LOT_1319,1318,-1,PASS,2008-10-05T11:05:00
LOT_1320,1319,-1,PASS,2008-10-05T11:30:00
LOT_1321,1320,-1,PASS,2008-10-05T12:03:00
LOT_1322,1321,-1,PASS,2008-10-05T12:17:00
LOT_1323,1322,-1,PASS,2008-10-05T13:49:00
LOT_1324,1323,-1,PASS,2008-10-05T14:34:00
LOT_1325,1324,1,FAIL,2008-10-05T15:30:00
LOT_1326,1325,1,FAIL,2008-10-05T15:35:00
LOT_1327,1326,-1,PASS,2008-10-05T16:15:00
LOT_1328,1327,1,FAIL,2008-10-05T16:37:00
LOT_1329,1328,1,FAIL,2008-10-05T16:49:00
LOT_1330,1329,1,FAIL,2008-10-05T18:46:00
LOT_1331,1330,-1,PASS,2008-10-05T18:59:00
LOT_1332,1331,-1,PASS,2008-10-05T19:45:00
LOT_1333,1332,-1,PASS,2008-10-05T20:12:00
LOT_1334,1333,-1,PASS,2008-10-05T20:30:00
LOT_1335,1334,-1,PASS,2008-10-05T22:13:00
LOT_1336,1335,-1,PASS,2008-10-06T00:41:00
LOT_1337,1336,-1,PASS,2008-10-06T01:25:00
LOT_1338,1337,-1,PASS,2008-10-06T01:27:00
LOT_1339,1338,-1,PASS,2008-10-06T01:30:00
LOT_1340,1339,-1,PASS,2008-10-06T02:44:00
LOT_1341,1340,-1,PASS,2008-10-06T02:49:00
LOT_1342,1341,-1,PASS,2008-10-06T03:31:00
LOT_1343,1342,1,FAIL,2008-10-06T03:50:00
LOT_1344,1343,1,FAIL,2008-10-06T03:57:00
LOT_1345,1344,-1,PASS,2008-10-06T04:26:00
LOT_1346,1345,-1,PASS,2008-10-06T05:21:00
LOT_1347,1346,-1,PASS,2008-10-06T05:24:00
LOT_1348,1347,-1,PASS,2008-10-06T06:11:00
LOT_1349,1348,-1,PASS,2008-10-06T06:26:00
LOT_1350,1349,-1,PASS,2008-10-06T06:49:00
LOT_1351,1350,-1,PASS,2008-10-06T07:12:00
LOT_1352,1351,-1,PASS,2008-10-06T07:17:00
LOT_1353,1352,-1,PASS,2008-10-06T07:35:00
LOT_1354,1353,-1,PASS,2008-10-06T07:38:00
LOT_1355,1354,-1,PASS,2008-10-06T08:24:00
LOT_1356,1355,-1,PASS,2008-10-06T08:57:00
LOT_1357,1356,-1,PASS,2008-10-06T09:11:00
LOT_1358,1357,-1,PASS,2008-10-06T09:57:00
LOT_1359,1358,-1,PASS,2008-10-06T10:07:00
LOT_1360,1359,-1,PASS,2008-10-06T11:51:00
LOT_1361,1360,-1,PASS,2008-10-06T12:39:00
LOT_1362,1361,-1,PASS,2008-10-06T12:42:00
LOT_1363,1362,-1,PASS,2008-10-06T13:08:00
LOT_1364,1363,1,FAIL,2008-10-06T13:38:00
LOT_1365,1364,1,FAIL,2008-10-06T13:55:00
LOT_1366,1365,1,FAIL,2008-10-06T15:00:00
LOT_1367,1366,-1,PASS,2008-10-06T15:01:00
LOT_1368,1367,-1,PASS,2008-10-06T15:52:00
LOT_1369,1368,-1,PASS,2008-10-06T16:42:00
LOT_1370,1369,-1,PASS,2008-10-06T16:50:00
LOT_1371,1370,-1,PASS,2008-10-06T17:26:00
LOT_1372,1371,-1,PASS,2008-10-06T17:26:00
LOT_1373,1372,-1,PASS,2008-10-06T17:35:00
LOT_1374,1373,-1,PASS,2008-10-06T18:54:00
LOT_1375,1374,-1,PASS,2008-10-06T18:55:00
LOT_1376,1375,-1,PASS,2008-10-06T19:42:00
LOT_1377,1376,-1,PASS,2008-10-06T20:02:00
LOT_1378,1377,-1,PASS,2008-10-06T20:36:00
LOT_1379,1378,-1,PASS,2008-10-06T20:47:00
LOT_1380,1379,-1,PASS,2008-10-06T21:46:00
LOT_1381,1380,-1,PASS,2008-10-06T21:48:00
LOT_1382,1381,-1,PASS,2008-10-06T22:37:00
LOT_1383,1382,-1,PASS,2008-10-06T23:03:00
LOT_1384,1383,-1,PASS,2008-10-07T01:46:00
LOT_1385,1384,-1,PASS,2008-10-07T03:29:00
LOT_1386,1385,-1,PASS,2008-10-07T03:39:00
LOT_1387,1386,-1,PASS,2008-10-07T07:32:00
LOT_1388,1387,-1,PASS,2008-10-07T07:41:00
LOT_1389,1388,-1,PASS,2008-10-07T08:25:00
LOT_1390,1389,-1,PASS,2008-10-07T08:26:00
LOT_1391,1390,-1,PASS,2008-10-07T09:11:00
LOT_1392,1391,-1,PASS,2008-10-07T09:20:00
LOT_1393,1392,-1,PASS,2008-10-07T09:59:00
LOT_1394,1393,-1,PASS,2008-10-07T10:04:00
LOT_1395,1394,-1,PASS,2008-10-07T10:10:00
LOT_1396,1395,-1,PASS,2008-10-07T10:51:00
LOT_1397,1396,-1,PASS,2008-10-07T11:15:00
LOT_1398,1397,-1,PASS,2008-10-07T11:16:00
LOT_1399,1398,-1,PASS,2008-10-07T11:36:00
LOT_1400,1399,-1,PASS,2008-10-07T12:40:00
LOT_1401,1400,1,FAIL,2008-10-07T13:10:00
LOT_1402,1401,-1,PASS,2008-10-07T13:48:00
LOT_1403,1402,-1,PASS,2008-10-07T14:35:00
LOT_1404,1403,-1,PASS,2008-10-07T16:32:00
LOT_1405,1404,-1,PASS,2008-10-07T17:06:00
LOT_1406,1405,-1,PASS,2008-10-07T17:28:00
LOT_1407,1406,-1,PASS,2008-10-07T18:39:00
LOT_1408,1407,-1,PASS,2008-10-07T19:24:00
LOT_1409,1408,-1,PASS,2008-10-07T20:19:00
LOT_1410,1409,-1,PASS,2008-10-07T20:39:00
LOT_1411,1410,-1,PASS,2008-10-07T20:48:00
LOT_1412,1411,-1,PASS,2008-10-08T04:47:00
LOT_1413,1412,-1,PASS,2008-10-08T05:35:00
LOT_1414,1413,-1,PASS,2008-10-08T05:38:00
LOT_1415,1414,-1,PASS,2008-10-08T06:25:00
LOT_1416,1415,-1,PASS,2008-10-08T07:10:00
LOT_1417,1416,-1,PASS,2008-10-08T07:13:00
LOT_1418,1417,-1,PASS,2008-10-08T07:16:00
LOT_1419,1418,-1,PASS,2008-10-08T09:01:00
LOT_1420,1419,-1,PASS,2008-10-08T09:06:00
LOT_1421,1420,-1,PASS,2008-10-08T10:37:00
LOT_1422,1421,-1,PASS,2008-10-08T12:11:00
LOT_1423,1422,-1,PASS,2008-10-08T13:35:00
LOT_1424,1423,-1,PASS,2008-10-08T13:38:00
LOT_1425,1424,-1,PASS,2008-10-08T14:48:00
LOT_1426,1425,-1,PASS,2008-10-08T15:37:00
LOT_1427,1426,-1,PASS,2008-10-08T16:26:00
LOT_1428,1427,-1,PASS,2008-10-08T17:14:00
LOT_1429,1428,-1,PASS,2008-10-08T17:31:00
LOT_1430,1429,-1,PASS,2008-10-08T17:41:00
LOT_1431,1430,-1,PASS,2008-10-08T18:22:00
LOT_1432,1431,-1,PASS,2008-10-08T20:27:00
LOT_1433,1432,-1,PASS,2008-10-08T21:19:00
LOT_1434,1433,-1,PASS,2008-10-08T21:45:00
LOT_1435,1434,-1,PASS,2008-10-08T22:08:00
LOT_1436,1435,-1,PASS,2008-10-08T23:13:00
LOT_1437,1436,-1,PASS,2008-10-08T23:50:00
LOT_1438,1437,-1,PASS,2008-10-09T00:23:00
LOT_1439,1438,1,FAIL,2008-10-09T04:34:00
LOT_1440,1439,-1,PASS,2008-10-09T06:06:00
LOT_1441,1440,-1,PASS,2008-10-09T07:38:00
LOT_1442,1441,-1,PASS,2008-10-09T14:15:00
LOT_1443,1442,-1,PASS,2008-10-09T15:04:00
LOT_1444,1443,1,FAIL,2008-10-09T15:55:00
LOT_1445,1444,-1,PASS,2008-10-09T15:56:00
LOT_1446,1445,-1,PASS,2008-10-10T10:05:00
LOT_1447,1446,-1,PASS,2008-10-10T10:46:00
LOT_1448,1447,-1,PASS,2008-10-10T10:53:00
LOT_1449,1448,-1,PASS,2008-10-10T12:30:00
LOT_1450,1449,-1,PASS,2008-10-10T15:33:00
LOT_1451,1450,-1,PASS,2008-10-10T15:50:00
LOT_1452,1451,-1,PASS,2008-10-10T20:02:00
LOT_1453,1452,-1,PASS,2008-10-10T21:03:00
LOT_1454,1453,-1,PASS,2008-10-10T21:07:00
LOT_1455,1454,-1,PASS,2008-10-10T21:16:00
LOT_1456,1455,-1,PASS,2008-10-11T02:55:00
LOT_1457,1456,-1,PASS,2008-10-11T06:56:00
LOT_1458,1457,-1,PASS,2008-10-11T07:38:00
LOT_1459,1458,-1,PASS,2008-10-11T07:39:00
LOT_1460,1459,-1,PASS,2008-10-11T07:42:00
LOT_1461,1460,-1,PASS,2008-10-11T08:27:00
LOT_1462,1461,-1,PASS,2008-10-11T14:43:00
LOT_1463,1462,-1,PASS,2008-10-11T15:33:00
LOT_1464,1463,-1,PASS,2008-10-11T16:25:00
LOT_1465,1464,-1,PASS,2008-10-11T23:16:00
LOT_1466,1465,-1,PASS,2008-10-11T23:58:00
LOT_1467,1466,-1,PASS,2008-10-12T00:57:00
LOT_1468,1467,-1,PASS,2008-10-12T01:50:00
LOT_1469,1468,-1,PASS,2008-10-12T02:59:00
LOT_1470,1469,-1,PASS,2008-10-12T03:21:00
LOT_1471,1470,-1,PASS,2008-10-12T03:28:00
LOT_1472,1471,-1,PASS,2008-10-12T08:19:00
LOT_1473,1472,-1,PASS,2008-10-12T18:47:00
LOT_1474,1473,-1,PASS,2008-10-13T03:34:00
LOT_1475,1474,-1,PASS,2008-10-13T03:53:00
LOT_1476,1475,-1,PASS,2008-10-13T11:27:00
LOT_1477,1476,-1,PASS,2008-10-13T12:18:00
LOT_1478,1477,-1,PASS,2008-10-13T14:06:00
LOT_1479,1478,-1,PASS,2008-10-13T14:29:00
LOT_1480,1479,-1,PASS,2008-10-13T14:30:00
LOT_1481,1480,-1,PASS,2008-10-13T14:55:00
LOT_1482,1481,-1,PASS,2008-10-13T15:42:00
LOT_1483,1482,-1,PASS,2008-10-13T15:42:00
LOT_1484,1483,-1,PASS,2008-10-13T16:13:00
LOT_1485,1484,-1,PASS,2008-10-13T19:17:00
LOT_1486,1485,-1,PASS,2008-10-13T19:36:00
LOT_1487,1486,-1,PASS,2008-10-13T19:40:00
LOT_1488,1487,-1,PASS,2008-10-13T20:10:00
LOT_1489,1488,-1,PASS,2008-10-13T20:30:00
LOT_1490,1489,-1,PASS,2008-10-13T20:53:00
LOT_1491,1490,-1,PASS,2008-10-13T21:20:00
LOT_1492,1491,-1,PASS,2008-10-13T21:47:00
LOT_1493,1492,-1,PASS,2008-10-13T21:57:00
LOT_1494,1493,-1,PASS,2008-10-13T22:48:00
LOT_1495,1494,-1,PASS,2008-10-13T22:54:00
LOT_1496,1495,-1,PASS,2008-10-14T00:35:00
LOT_1497,1496,-1,PASS,2008-10-14T03:21:00
LOT_1498,1497,-1,PASS,2008-10-14T03:28:00
LOT_1499,1498,-1,PASS,2008-10-14T03:35:00
LOT_1500,1499,-1,PASS,2008-10-14T13:13:00
LOT_1501,1500,-1,PASS,2008-10-14T13:16:00
LOT_1502,1501,-1,PASS,2008-10-14T14:07:00
LOT_1503,1502,-1,PASS,2008-10-14T14:15:00
LOT_1504,1503,-1,PASS,2008-10-14T14:43:00
LOT_1505,1504,-1,PASS,2008-10-14T17:36:00
LOT_1506,1505,-1,PASS,2008-10-14T19:15:00
LOT_1507,1506,-1,PASS,2008-10-14T20:01:00
LOT_1508,1507,-1,PASS,2008-10-14T20:30:00
LOT_1509,1508,-1,PASS,2008-10-14T20:48:00
LOT_1510,1509,-1,PASS,2008-10-14T21:36:00
LOT_1511,1510,-1,PASS,2008-10-14T23:07:00
LOT_1512,1511,-1,PASS,2008-10-15T00:03:00
LOT_1513,1512,-1,PASS,2008-10-15T00:27:00
LOT_1514,1513,-1,PASS,2008-10-15T00:47:00
LOT_1515,1514,-1,PASS,2008-10-15T01:52:00
LOT_1516,1515,-1,PASS,2008-10-15T01:52:00
LOT_1517,1516,-1,PASS,2008-10-15T01:52:00
LOT_1518,1517,-1,PASS,2008-10-15T02:40:00
LOT_1519,1518,-1,PASS,2008-10-15T02:40:00
LOT_1520,1519,1,FAIL,2008-10-15T02:42:00
LOT_1521,1520,-1,PASS,2008-10-15T03:24:00
LOT_1522,1521,-1,PASS,2008-10-15T04:08:00
LOT_1523,1522,-1,PASS,2008-10-15T05:13:00
LOT_1524,1523,-1,PASS,2008-10-15T05:16:00
LOT_1525,1524,-1,PASS,2008-10-15T06:49:00
LOT_1526,1525,-1,PASS,2008-10-15T07:36:00
LOT_1527,1526,-1,PASS,2008-10-15T07:55:00
LOT_1528,1527,-1,PASS,2008-10-15T08:21:00
LOT_1529,1528,-1,PASS,2008-10-15T09:11:00
LOT_1530,1529,-1,PASS,2008-10-15T10:00:00
LOT_1531,1530,-1,PASS,2008-10-15T12:53:00
LOT_1532,1531,-1,PASS,2008-10-15T13:14:00
LOT_1533,1532,-1,PASS,2008-10-15T13:16:00
LOT_1534,1533,-1,PASS,2008-10-15T14:08:00
LOT_1535,1534,-1,PASS,2008-10-15T15:11:00
LOT_1536,1535,-1,PASS,2008-10-15T16:24:00
LOT_1537,1536,-1,PASS,2008-10-15T17:19:00
LOT_1538,1537,-1,PASS,2008-10-15T18:16:00
LOT_1539,1538,-1,PASS,2008-10-15T19:15:00
LOT_1540,1539,-1,PASS,2008-10-15T19:24:00
LOT_1541,1540,-1,PASS,2008-10-15T21:44:00
LOT_1542,1541,-1,PASS,2008-10-15T22:45:00
LOT_1543,1542,-1,PASS,2008-10-15T22:54:00
LOT_1544,1543,-1,PASS,2008-10-15T23:00:00
LOT_1545,1544,-1,PASS,2008-10-15T23:45:00
LOT_1546,1545,-1,PASS,2008-10-16T02:16:00
LOT_1547,1546,-1,PASS,2008-10-16T02:16:00
LOT_1548,1547,-1,PASS,2008-10-16T02:17:00
LOT_1549,1548,-1,PASS,2008-10-16T02:22:00
LOT_1550,1549,-1,PASS,2008-10-16T02:55:00
LOT_1551,1550,-1,PASS,2008-10-16T03:56:00
LOT_1552,1551,-1,PASS,2008-10-16T04:02:00
LOT_1553,1552,-1,PASS,2008-10-16T04:02:00
LOT_1554,1553,-1,PASS,2008-10-16T04:04:00
LOT_1555,1554,-1,PASS,2008-10-16T04:47:00
LOT_1556,1555,-1,PASS,2008-10-16T04:50:00
LOT_1557,1556,-1,PASS,2008-10-16T04:54:00
LOT_1558,1557,-1,PASS,2008-10-16T05:08:00
LOT_1559,1558,-1,PASS,2008-10-16T05:13:00
LOT_1560,1559,-1,PASS,2008-10-16T05:44:00
LOT_1561,1560,-1,PASS,2008-10-16T05:58:00
LOT_1562,1561,-1,PASS,2008-10-16T15:02:00
LOT_1563,1562,-1,PASS,2008-10-16T15:13:00
LOT_1564,1563,-1,PASS,2008-10-16T20:49:00
LOT_1565,1564,-1,PASS,2008-10-17T05:26:00
LOT_1566,1565,-1,PASS,2008-10-17T06:01:00
LOT_1567,1566,-1,PASS,2008-10-17T06:07:00
