feature_id,feature_index,module,tool_id,selected,effect_size,non_null_pass,non_null_fail,mean_pass,std_pass,mean_fail,std_fail
F001,0,lithography,lithography-tool-01,false,0.09208871,1457,104,3014.94731640,72.43693798,3007.52625000,87.98361446
F002,1,lithography,lithography-tool-02,false,0.01111455,1457,103,2495.90611531,81.00566324,2495.05970874,70.96932125
F003,2,lithography,lithography-tool-03,false,0.00373217,1449,104,2200.55488558,29.38180055,2200.44187692,31.15158837
F004,3,lithography,lithography-tool-04,false,0.10947195,1449,104,1399.29029199,447.83033712,1355.78143462,339.66134540
F005,4,lithography,lithography-tool-05,false,0.07520453,1449,104,4.40469793,58.31854083,1.30340481,0.33476853
F006,5,lithography,lithography-tool-06,false,,1449,104,100.00000000,0.00000000,100.00000000,0.00000000
F007,6,lithography,lithography-tool-07,false,0.07129512,1449,104,101.08577322,6.31529964,101.49097212,4.97183278
F008,7,lithography,lithography-tool-08,false,0.06979083,1454,104,0.12179037,0.00925869,0.12225673,0.00189248
F009,8,lithography,lithography-tool-01,false,0.12296043,1461,104,1.46230945,0.07475757,1.47061923,0.05954562
F010,9,lithography,lithography-tool-02,false,0.13095237,1461,104,-0.00071526,0.01520158,-0.00260769,0.01365982
F011,10,lithography,lithography-tool-03,false,0.13083469,1461,104,0.00006229,0.00924609,0.00131827,0.00994088
F012,11,lithography,lithography-tool-04,false,0.14436243,1461,104,0.96446112,0.01260817,0.96283077,0.00980403
F013,12,lithography,lithography-tool-05,false,0.02631854,1461,104,199.96199514,3.29852148,199.88395769,2.58912223
F014,13,lithography,lithography-tool-06,false,,1460,104,0.00000000,0.00000000,0.00000000,0.00000000
F015,14,lithography,lithography-tool-07,false,0.28009675,1460,104,9.05684055,2.79294886,8.28281058,2.73360842
F016,15,lithography,lithography-tool-08,false,0.01465940,1460,104,413.09928973,17.70526622,412.89996538,7.50213682
F017,16,lithography,lithography-tool-01,false,0.01262657,1460,104,9.90609158,2.48268479,9.92881827,0.56180992
F018,17,lithography,lithography-tool-02,false,0.04682400,1460,104,0.97147514,0.01234036,0.97100577,0.00697712
F019,18,lithography,lithography-tool-03,false,0.03683382,1460,104,190.05392288,2.79476212,189.95513077,2.56449928
F020,19,lithography,lithography-tool-04,false,0.16319911,1454,103,12.47925605,0.22479127,12.50613204,0.06090429
F021,20,lithography,lithography-tool-05,false,0.09926019,1463,104,1.40495051,0.01687219,1.40651346,0.01453275
F022,21,lithography,lithography-tool-06,true,0.34723614,1462,103,-5636.43758550,593.59565637,-5362.27427184,945.75371424
F023,22,lithography,lithography-tool-07,false,0.23198563,1462,103,2705.15817373,279.68432207,2617.33980583,456.48466017
F024,23,lithography,lithography-tool-08,false,0.05108786,1462,103,-3811.03556765,1375.17341604,-3739.07847864,1441.04986665
F025,24,lithography,lithography-tool-01,false,0.08067151,1462,103,-284.44151826,2935.24243832,-499.53964078,2367.09728517
F026,25,lithography,lithography-tool-02,false,0.12077754,1462,103,1.20556689,0.17069373,1.17940000,0.25444303
F027,26,lithography,lithography-tool-03,false,0.23033481,1462,103,1.94257544,0.17311802,1.88030000,0.34092403
F028,27,lithography,lithography-tool-04,false,0.10051614,1462,103,6.64831416,1.20631364,6.50114078,1.68298352
F029,28,lithography,lithography-tool-05,true,0.44549732,1462,103,69.59803235,3.45217967,68.10140583,3.26408962
F030,29,lithography,lithography-tool-06,false,0.07124149,1462,103,2.36433297,0.41012333,2.39266214,0.38477219
F031,30,lithography,lithography-tool-07,false,0.15295899,1462,103,0.18383215,0.03297824,0.18879709,0.03193190
F032,31,lithography,lithography-tool-08,false,0.21503875,1462,103,3.68018242,0.54036075,3.57392913,0.44306236
F033,32,lithography,lithography-tool-01,false,0.16917393,1462,104,85.30929938,1.93834624,85.73346442,2.96911402
F034,33,lithography,lithography-tool-02,false,0.22729626,1462,104,8.93126176,1.22616053,9.36818750,2.42627418
F035,34,lithography,lithography-tool-03,false,0.00996270,1462,104,50.58183892,1.17814717,50.59387981,1.23829772
F036,35,lithography,lithography-tool-04,false,0.05656938,1462,104,64.56421758,2.62056825,64.43727308,1.79001163
F037,36,lithography,lithography-tool-05,false,0.00996306,1462,104,49.41817018,1.17814784,49.40612885,1.23829903
F038,37,lithography,lithography-tool-06,false,0.17192851,1462,104,66.21792216,0.30532559,66.26838654,0.28121829
F039,38,lithography,lithography-tool-07,false,0.16596780,1462,104,86.83031081,0.42412333,86.92465865,0.68296226
F040,39,lithography,lithography-tool-08,false,0.00903451,1462,104,118.68057921,1.82127338,118.66514808,1.58670288
F041,40,lithography,lithography-tool-01,false,0.19738573,1439,104,68.23984156,23.83829523,63.27060577,26.44470515
F042,41,lithography,lithography-tool-02,false,0.01237512,1439,104,3.35149187,2.42496162,3.37484904,1.11550368
F043,42,lithography,lithography-tool-03,false,,1462,104,70.00000000,0.00000000,70.00000000,0.00000000
F044,43,lithography,lithography-tool-04,false,0.08558749,1462,104,355.57293194,6.26804332,355.06054327,5.69151673
F045,44,lithography,lithography-tool-05,false,0.09785223,1462,104,10.03224679,0.17619582,10.01595769,0.15613153
F046,45,lithography,lithography-tool-06,false,0.03248049,1462,104,136.72559008,7.80709740,136.98864327,8.38036795
F047,46,lithography,lithography-tool-07,false,0.03873462,1462,104,733.70335684,12.20995162,733.24341442,11.52866398
F048,47,lithography,lithography-tool-08,false,0.11630829,1462,104,1.17653406,0.19027599,1.19797692,0.17825247
F049,48,lithography,lithography-tool-01,false,0.06020100,1462,104,139.99064754,4.50925052,139.71333558,4.70161011
F050,49,lithography,lithography-tool-02,false,,1462,104,1.00000000,0.00000000,1.00000000,0.00000000
F051,50,lithography,lithography-tool-03,false,0.06422837,1462,104,632.28917189,8.70575479,631.76252692,7.66000691
F052,51,lithography,lithography-tool-04,false,0.02345814,1462,104,157.32344672,60.63854798,158.79224327,64.52803900
F053,52,lithography,lithography-tool-05,false,,1462,104,0.00000000,0.00000000,0.00000000,0.00000000
F054,53,lithography,lithography-tool-06,false,0.03238225,1460,103,4.59287260,0.05613654,4.59436893,0.03345305
F055,54,lithography,lithography-tool-07,false,0.06504369,1460,103,4.83829932,0.06060489,4.84168932,0.04195005
F056,55,lithography,lithography-tool-08,false,0.03340604,1460,103,2856.23356164,25.39328133,2855.30097087,30.23045303
F057,56,lithography,lithography-tool-01,false,0.29541162,1460,103,0.92873370,0.00691135,0.93048835,0.00477419
F058,57,lithography,lithography-tool-02,false,0.07692896,1460,103,0.94923678,0.00415597,0.94890680,0.00441894
F059,58,lithography,lithography-tool-03,false,0.23622099,1460,103,4.59204938,0.08550242,4.61120583,0.07643476
F060,59,lithography,lithography-tool-04,true,0.59185593,1456,104,2.56346422,9.30992215,8.51512308,10.75028399
F061,60,lithography,lithography-tool-05,false,0.07593025,1457,104,355.18862855,6.05313029,354.74532692,5.61520250
F062,61,lithography,lithography-tool-06,false,0.04454616,1457,104,10.42222951,0.26933586,10.43593942,0.34190827
F063,62,lithography,lithography-tool-07,false,0.06999971,1457,104,116.54615223,8.49978485,115.88837981,10.21532569
F064,63,lithography,lithography-tool-08,false,0.23238012,1456,104,13.87594107,7.06507469,15.58572981,7.63917024
F065,64,lithography,lithography-tool-01,false,0.24356090,1456,104,20.44029052,4.72775032,21.96756827,7.50264725
F066,65,lithography,lithography-tool-02,false,0.19387212,1456,104,27.02749554,6.94879582,28.59229615,9.05572181
F067,66,lithography,lithography-tool-03,false,0.15433219,1457,104,706.78969039,11.58356990,704.97101250,11.98142572
F068,67,lithography,lithography-tool-04,false,0.10172762,1457,104,13.46825333,271.22808734,62.20732981,620.91453789
F069,68,lithography,lithography-tool-05,false,0.15647524,1457,104,147.49656225,3.96879382,146.61122596,6.94798613
F070,69,lithography,lithography-tool-06,false,,1457,104,1.00000000,0.00000000,1.00000000,0.00000000
F071,70,lithography,lithography-tool-07,false,0.20630375,1457,104,619.23422107,9.50474716,617.24492885,9.77839168
F072,71,lithography,lithography-tool-08,false,0.00751215,1457,104,104.34627962,31.18608310,104.08742115,37.44624554
F073,72,lithography,lithography-tool-01,false,0.03307409,705,68,150.31607674,18.91068839,150.83302500,11.44464797
F074,73,lithography,lithography-tool-02,false,0.09783288,705,68,468.13608156,18.38324357,466.82110000,4.83556727
F075,74,lithography,lithography-tool-03,false,0.03706247,1457,104,0.00287955,0.10987651,0.00000000,0.00000000
F076,75,lithography,lithography-tool-04,false,0.09099495,1439,104,-0.00707054,0.02138577,-0.00458558,0.03215873
F077,76,lithography,lithography-tool-05,false,0.21827259,1439,104,-0.02889340,0.03303912,-0.03626827,0.03451953
F078,77,lithography,lithography-tool-06,false,0.02081847,1439,104,-0.00708707,0.03116914,-0.00640962,0.03385779
F079,78,lithography,lithography-tool-07,false,0.17205153,1439,104,-0.01308284,0.04773987,-0.02138750,0.04879135
F080,79,lithography,lithography-tool-08,false,0.29595808,1439,104,0.00297908,0.02283991,0.01008942,0.02515398
F081,80,lithography,lithography-tool-01,false,0.11445960,1439,104,-0.01812071,0.04853889,-0.02420481,0.05740106
F082,81,lithography,lithography-tool-02,false,0.08930256,1439,104,-0.02126136,0.01686034,-0.01965865,0.01897142
F083,82,lithography,lithography-tool-03,false,0.05235717,1439,104,0.00618061,0.03612682,0.00431538,0.03511611
F084,83,lithography,lithography-tool-04,false,0.09631809,1462,104,7.45543824,0.51420007,7.40466923,0.53968638
F085,84,lithography,lithography-tool-05,false,0.03544193,1451,104,0.13311937,0.00508211,0.13294808,0.00457022
F086,85,lithography,lithography-tool-06,false,0.49134120,215,11,0.11285163,0.00291086,0.11144545,0.00281210
F087,86,lithography,lithography-tool-07,false,0.10555260,1463,104,2.40162303,0.03758129,2.40536731,0.03323133
F088,87,lithography,lithography-tool-08,false,0.08780815,1463,104,0.98252447,0.01187960,0.98095481,0.02231549
F089,88,lithography,lithography-tool-01,false,0.10782831,1463,104,1807.43167348,53.49076145,1813.20769038,53.64272235
F090,89,lithography,lithography-tool-02,false,0.07019989,1413,103,0.18826999,0.04326299,0.19464660,0.12095585
F091,90,lithography,lithography-tool-03,false,0.23543038,1413,103,8833.28951699,400.97241308,8748.61942039,312.89368480
F092,91,lithography,lithography-tool-04,false,0.04119447,1457,104,0.00222073,0.08879118,0.00550962,0.06974504
F093,92,lithography,lithography-tool-05,false,0.03478511,1461,104,0.00051403,0.00325157,0.00040673,0.00290822
F094,93,lithography,lithography-tool-06,false,0.12501560,1461,104,-0.00056550,0.00300728,-0.00018942,0.00300925
F095,94,lithography,lithography-tool-07,false,0.01077791,1457,104,-0.00002903,0.00017598,-0.00003077,0.00014483
F096,95,lithography,lithography-tool-08,false,0.23750806,1457,104,0.00005834,0.00010381,0.00008365,0.00010929
F097,96,lithography,lithography-tool-01,false,0.04226204,1457,104,0.01768813,0.22242480,0.00926058,0.17337054
F098,97,lithography,lithography-tool-02,false,,1457,104,0.00000000,0.00000000,0.00000000,0.00000000
F099,98,lithography,lithography-tool-03,false,0.09317785,1457,104,-0.01578161,0.43359460,-0.05122019,0.31827932
F100,99,etch,etch-tool-04,false,0.13503228,1457,104,0.00076177,0.05812151,0.01244423,0.10766589
F101,100,etch,etch-tool-05,false,0.23700559,1457,104,-0.00002745,0.00034862,0.00006538,0.00043051
F102,101,etch,etch-tool-06,false,0.11567953,1457,104,-0.00000577,0.00022480,-0.00002788,0.00015029
F103,102,etch,etch-tool-07,false,0.16206637,1457,104,0.00184166,0.06217682,-0.00907115,0.07212609
F104,103,etch,etch-tool-08,true,0.57293406,1461,104,-0.00991266,0.00299358,-0.00805288,0.00348027
F105,104,etch,etch-tool-01,false,0.11277823,1461,104,-0.00000582,0.00078791,-0.00013846,0.00146486
F106,105,etch,etch-tool-02,false,0.00196559,1457,104,-0.00049828,0.00322531,-0.00049231,0.00284381
F107,106,etch,etch-tool-03,false,0.11561162,1457,104,0.00056253,0.00298567,0.00021731,0.00298636
F108,107,etch,etch-tool-04,false,0.05866850,1457,104,-0.00140968,0.08685323,-0.00675673,0.09523419
F109,108,etch,etch-tool-05,false,0.00282501,1457,104,-0.01080494,0.08671290,-0.01055962,0.08696849
F110,109,etch,etch-tool-06,false,0.03961870,519,30,0.98000655,0.00892042,0.97975000,0.00207135
F111,110,etch,etch-tool-07,false,0.27568038,519,30,101.29373102,1.90378942,101.74248000,1.29420553
F112,111,etch,etch-tool-08,false,0.60386182,519,30,231.87652274,2.12801810,230.82198333,1.25333385
F113,112,etch,etch-tool-01,false,0.20262999,781,71,0.45692356,0.05100195,0.46429296,0.00664624
F114,113,etch,etch-tool-02,false,0.00550288,1463,104,0.94541989,0.01218419,0.94548462,0.01132404
F115,114,etch,etch-tool-03,false,0.18198513,1463,104,0.00009200,0.00148785,0.00055192,0.00324964
F116,115,etch,etch-tool-04,false,0.17937618,1463,104,747.95332775,49.04523686,739.37195096,46.60383934
F117,116,etch,etch-tool-05,false,0.05331832,1463,104,0.98716261,0.00953144,0.98667019,0.00892966
F118,117,etch,etch-tool-06,false,0.09053643,1463,104,58.65480882,6.70144231,58.21935000,1.16547020
F119,118,etch,etch-tool-07,false,0.09722578,1439,104,0.59846150,0.00817075,0.59772212,0.00699327
F120,119,etch,etch-tool-08,false,0.02484912,1463,104,0.97076370,0.00906581,0.97096538,0.00703958
F121,120,etch,etch-tool-01,false,0.08044279,1463,104,6.31153486,0.12399342,6.30141250,0.12764612
F122,121,etch,etch-tool-02,true,0.35077536,1454,104,15.79416094,0.09961040,15.82807692,0.09367576
F123,122,etch,etch-tool-03,true,0.34684889,1454,104,3.91733563,0.91313311,3.63350962,0.71092444
F124,123,etch,etch-tool-04,false,0.29622569,1454,104,15.82756534,0.10831262,15.85894231,0.10347722
F125,124,etch,etch-tool-05,true,0.37812980,1454,104,15.79183631,0.11359572,15.83480769,0.11368801
F126,125,etch,etch-tool-06,true,0.36964023,1454,104,1.19124828,0.28305552,1.09698077,0.22350640
F127,126,etch,etch-tool-07,false,0.21506832,1454,104,2.74699587,0.25190988,2.80291346,0.26784428
F128,127,etch,etch-tool-08,true,0.33510303,1454,104,0.65119580,0.13694040,0.61047500,0.10382784
F129,128,etch,etch-tool-01,false,0.14757851,1454,104,3.18991678,0.26880786,3.22385577,0.18307640
F130,129,etch,etch-tool-02,true,0.47882217,1454,104,-0.58795942,1.23612840,-0.08264135,0.83633305
F131,130,etch,etch-tool-03,true,0.34604340,1454,104,0.74328026,0.08353821,0.76869038,0.06168816
F132,131,etch,etch-tool-04,false,0.07521771,1454,104,0.99779752,0.00226370,0.99795962,0.00204043
F133,132,etch,etch-tool-05,false,0.00139294,1455,104,2.31853945,0.05273078,2.31861731,0.05888815
F134,133,etch,etch-tool-06,false,0.28694597,1455,104,1003.92462254,6.57011779,1005.70054712,5.78293807
F135,134,etch,etch-tool-07,false,0.12980311,1455,104,39.41640234,3.01308507,39.05027981,2.61397718
F136,135,etch,etch-tool-08,false,0.10835361,1458,104,118.38203018,57.37087373,112.05769231,59.34754660
F137,136,etch,etch-tool-01,false,0.04550867,1457,104,138.03205216,53.92424064,140.47403846,53.39406837
F138,137,etch,etch-tool-02,false,0.12570269,1457,103,122.27824296,52.54627310,128.55922330,47.24702782
F139,138,etch,etch-tool-03,false,0.18428552,1449,104,57.44575459,12.26178694,59.79421923,13.20788779
F140,139,etch,etch-tool-04,false,0.01878333,1449,104,417.10420083,262.44851961,412.06834327,273.63958241
F141,140,etch,etch-tool-05,false,0.07442916,1449,104,27.92675825,524.58107240,0.31838558,0.30657464
F142,141,etch,etch-tool-06,false,,1449,104,0.00000000,0.00000000,0.00000000,0.00000000
F143,142,etch,etch-tool-07,false,0.07434942,1449,104,6.65624569,3.63490571,6.43701923,2.04350372
F144,143,etch,etch-tool-08,false,0.19772294,1454,104,0.00418446,0.00130081,0.00395962,0.00094559
F145,144,etch,etch-tool-01,false,0.15508160,1461,104,0.12063559,0.06133792,0.11119327,0.06043102
F146,145,etch,etch-tool-02,false,0.20819673,1461,104,0.06393231,0.02707190,0.05925385,0.01664437
F147,146,etch,etch-tool-03,false,0.19526447,1461,104,0.05526352,0.02214582,0.05144904,0.01651636
F148,147,etch,etch-tool-04,false,0.04214035,1461,104,0.01735284,0.02795933,0.01822788,0.00898030
F149,148,etch,etch-tool-05,false,0.03039340,1461,104,8.49931759,19.37252742,8.07782596,3.05623722
F150,149,etch,etch-tool-06,false,,1460,104,0.00000000,0.00000000,0.00000000,0.00000000
F151,150,etch,etch-tool-07,false,0.04907714,1460,104,6.82476096,3.24442076,6.66696154,3.18598307
F152,151,etch,etch-tool-08,false,0.12191514,1460,104,14.23282329,32.04812984,11.44438462,4.37844616
F153,152,etch,etch-tool-01,false,0.02526972,1460,104,1.22547233,24.17285873,0.79327981,0.84268236
F154,153,etch,etch-tool-02,false,0.09720349,1460,104,0.01187233,0.00947971,0.01268654,0.00710362
F155,154,etch,etch-tool-03,false,0.00762317,1460,104,7.69578384,5.36509423,7.72867404,2.90613792
F156,155,etch,etch-tool-04,false,0.14444302,1454,103,0.51507290,1.16005626,0.39563107,0.14778408
F157,156,etch,etch-tool-05,false,0.01090375,1463,104,0.05804313,0.08136197,0.05872788,0.03560718
F158,157,etch,etch-tool-06,false,0.26835460,130,8,0.04758692,0.04031064,0.03926250,0.01730787
F159,158,etch,etch-tool-07,false,0.58665819,130,8,1027.45694154,407.78044292,1237.79992500,301.36891400
F160,159,etch,etch-tool-08,false,0.25603904,1462,103,862.27564979,939.72545322,1172.31067961,1431.58084952
F161,160,etch,etch-tool-01,false,0.29596833,1462,103,541.60465116,549.29090186,750.39805825,832.84045885
F162,161,etch,etch-tool-02,false,0.08689069,1462,103,4088.89534884,4292.04057517,3753.94174757,3361.34812248
F163,162,etch,etch-tool-03,false,0.02502843,1462,103,4807.29411765,6609.30854034,4653.23300971,5665.33413475
F164,163,etch,etch-tool-04,false,0.30164342,1462,103,0.13695691,0.11356677,0.18630097,0.20154923
F165,164,etch,etch-tool-05,false,0.25312091,1462,103,0.12227633,0.22278965,0.20836893,0.42630269
F166,165,etch,etch-tool-06,false,0.24107913,1462,103,0.24291997,0.37372067,0.38127184,0.72043218
F167,166,etch,etch-tool-07,false,0.14137678,1462,103,2.77332421,1.00760434,3.00970874,2.13916391
F168,167,etch,etch-tool-08,false,0.07896263,1462,103,1.23201094,0.61701916,1.28932039,0.82024299
F169,168,etch,etch-tool-01,false,0.02871080,1462,103,0.12430301,0.04730903,0.12572816,0.05186244
F170,169,etch,etch-tool-02,false,0.04688312,1462,103,0.40105540,0.19826671,0.39191262,0.19170255
F171,170,etch,etch-tool-03,false,0.14170915,1462,104,0.68279220,0.15635250,0.70595288,0.17022914
F172,171,etch,etch-tool-04,false,0.01419232,1462,104,0.12000896,0.06110244,0.12083942,0.05580764
F173,172,etch,etch-tool-05,false,0.15792119,1462,104,0.31940643,0.07174192,0.33003846,0.06259702
F174,173,etch,etch-tool-06,false,0.03060106,1462,104,0.57637893,0.09625428,0.57356346,0.08755113
F175,174,etch,etch-tool-07,false,0.15800033,1462,104,0.31940629,0.07174578,0.33004423,0.06260047
F176,175,etch,etch-tool-08,false,0.18038501,1462,104,0.77671327,0.11694341,0.79674519,0.10482776
F177,176,etch,etch-tool-01,false,0.05781700,1462,104,0.24500369,0.07494978,0.24069808,0.07398658
F178,177,etch,etch-tool-02,false,0.01466539,1462,104,0.39503352,0.28309663,0.39091346,0.27876110
F179,178,etch,etch-tool-03,false,,1439,104,0.00000000,0.00000000,0.00000000,0.00000000
F180,179,etch,etch-tool-04,false,,1462,104,0.00000000,0.00000000,0.00000000,0.00000000
F181,180,etch,etch-tool-05,true,0.34148036,1462,104,19.08270178,3.33529025,18.03701923,2.76225029
F182,181,etch,etch-tool-06,false,0.18625650,1462,104,0.54936320,0.22625594,0.51031731,0.19157757
F183,182,etch,etch-tool-07,false,0.14178632,1462,104,10.81525992,4.22856025,10.29250000,3.05066630
F184,183,etch,etch-tool-08,false,0.23407616,1462,104,26.55982408,6.86870904,28.08586538,6.15033082
F185,184,etch,etch-tool-01,false,0.01511735,1462,104,0.14472189,0.11253487,0.14613077,0.06860773
F186,185,etch,etch-tool-02,false,0.04699989,1462,104,7.38299590,7.40737879,7.12317308,2.50035892
F187,186,etch,etch-tool-03,false,,1462,104,0.00000000,0.00000000,0.00000000,0.00000000
F188,187,etch,etch-tool-04,false,0.02855913,1462,104,17.92319419,8.83886136,18.12038462,4.15000508
F189,188,etch,etch-tool-05,false,0.18941424,1462,104,42.93837346,21.67692222,47.04979808,21.73503044
F190,189,etch,etch-tool-06,false,,1462,104,0.00000000,0.00000000,0.00000000,0.00000000
F191,190,etch,etch-tool-07,false,,1460,103,0.00000000,0.00000000,0.00000000,0.00000000
F192,191,etch,etch-tool-08,false,,1460,103,0.00000000,0.00000000,0.00000000,0.00000000
F193,192,etch,etch-tool-01,false,,1460,103,0.00000000,0.00000000,0.00000000,0.00000000
F194,193,etch,etch-tool-02,false,,1460,103,0.00000000,0.00000000,0.00000000,0.00000000
F195,194,etch,etch-tool-03,false,,1460,103,0.00000000,0.00000000,0.00000000,0.00000000
F196,195,etch,etch-tool-04,false,0.11519460,1460,103,0.28318699,0.37349929,0.34233010,0.62265293
F197,196,etch,etch-tool-05,false,0.14715932,1456,104,8.46425824,14.27614686,11.82769231,28.99932281
F198,197,etch,etch-tool-06,false,0.17122651,1457,104,19.93495539,9.92888973,22.30278846,16.84876196
F199,198,deposition,deposition-tool-07,false,0.11848790,1457,104,0.55166438,0.50283706,0.63713462,0.88759338
F200,199,deposition,deposition-tool-08,false,0.14695194,1457,104,11.30370625,15.07854710,14.73115385,29.33628487
F201,200,deposition,deposition-tool-01,false,0.18297404,1456,104,17.45947115,8.14237827,19.57028846,14.13745152
F202,201,deposition,deposition-tool-02,false,0.10656644,1456,104,7.80006868,5.03138448,8.38942308,5.98796210
F203,202,deposition,deposition-tool-03,false,0.05755173,1456,104,10.11800337,14.75676943,10.90490288,12.49538327
F204,203,deposition,deposition-tool-04,false,0.14573240,1457,104,29.86101139,16.65691437,33.04502115,26.02395710
F205,204,deposition,deposition-tool-05,false,0.08775600,1457,104,27.64154303,523.12487141,96.33493654,975.61292123
F206,205,deposition,deposition-tool-06,false,0.19182920,1457,104,8.88474262,11.28676472,11.36701923,14.40478933
F207,206,deposition,deposition-tool-07,false,0.03706247,1457,104,0.00137268,0.05237827,0.00000000,0.00000000
F208,207,deposition,deposition-tool-08,false,0.12199690,1457,104,20.21087165,16.99930110,22.69201923,23.20076128
F209,208,deposition,deposition-tool-01,false,0.09259236,1457,104,73.43497598,28.10978696,70.87344231,27.21220118
F210,209,deposition,deposition-tool-02,false,0.03706247,1457,104,0.03167467,1.20862853,0.00000000,0.00000000
F211,210,deposition,deposition-tool-03,false,0.30348536,1439,104,0.08770653,0.03901135,0.10490577,0.07001165
F212,211,deposition,deposition-tool-04,false,0.14763015,1439,104,0.05645893,0.02414345,0.06085096,0.03445645
F213,212,deposition,deposition-tool-05,false,0.01059590,1439,104,0.05141091,0.03185673,0.05172500,0.02724907
F214,213,deposition,deposition-tool-06,false,0.16797710,1439,104,0.05971890,0.05257065,0.06902500,0.05809360
F215,214,deposition,deposition-tool-07,false,0.16121754,1439,104,0.08376602,0.05788597,0.07638365,0.02903282
F216,215,deposition,deposition-tool-08,false,0.07577784,1439,104,0.08122675,0.03054765,0.07898365,0.02862308
F217,216,deposition,deposition-tool-01,false,0.06344531,1439,104,0.08336963,0.02561193,0.08505962,0.02762378
F218,217,deposition,deposition-tool-02,false,0.05058226,1439,104,0.07149131,0.04685880,0.07362885,0.03709208
F219,218,deposition,deposition-tool-03,false,0.05940736,1462,104,3.77608837,1.16965328,3.70647692,1.17387219
F220,219,deposition,deposition-tool-04,false,0.05103522,1451,104,0.00324866,0.00165661,0.00332885,0.00148101
F221,220,deposition,deposition-tool-05,false,0.28487034,215,11,0.00923767,0.00200096,0.00872727,0.00155452
F222,221,deposition,deposition-tool-06,false,0.07841457,1463,104,0.06058332,0.02288574,0.06260577,0.02840193
F223,222,deposition,deposition-tool-07,false,0.09084158,1463,104,0.00835461,0.05182056,0.01538462,0.09639645
F224,223,deposition,deposition-tool-08,false,0.00495929,1463,104,122.86227505,56.18847010,122.62565769,37.35919371
F225,224,deposition,deposition-tool-01,false,0.04708191,1413,103,0.05909207,0.06835554,0.06318932,0.10234160
F226,225,deposition,deposition-tool-02,false,0.07783616,1413,103,1038.71138726,431.26142616,1073.22909320,455.34394023
F227,226,deposition,deposition-tool-03,false,,1457,104,0.00000000,0.00000000,0.00000000,0.00000000
F228,227,deposition,deposition-tool-04,false,0.15861255,1461,104,0.01900541,0.01064670,0.02080577,0.01201350
F229,228,deposition,deposition-tool-05,false,0.04828384,1461,104,0.01781273,0.01086772,0.01828942,0.00876546
F230,229,deposition,deposition-tool-06,false,,1457,104,0.00000000,0.00000000,0.00000000,0.00000000
F231,230,deposition,deposition-tool-07,false,,1457,104,0.00000000,0.00000000,0.00000000,0.00000000
F232,231,deposition,deposition-tool-08,false,,1457,104,0.00000000,0.00000000,0.00000000,0.00000000
F233,232,deposition,deposition-tool-01,false,,1457,104,0.00000000,0.00000000,0.00000000,0.00000000
F234,233,deposition,deposition-tool-02,false,,1457,104,0.00000000,0.00000000,0.00000000,0.00000000
F235,234,deposition,deposition-tool-03,false,,1457,104,0.00000000,0.00000000,0.00000000,0.00000000
F236,235,deposition,deposition-tool-04,false,,1457,104,0.00000000,0.00000000,0.00000000,0.00000000
F237,236,deposition,deposition-tool-05,false,,1457,104,0.00000000,0.00000000,0.00000000,0.00000000
F238,237,deposition,deposition-tool-06,false,,1457,104,0.00000000,0.00000000,0.00000000,0.00000000
F239,238,deposition,deposition-tool-07,false,0.09390503,1461,104,0.00478042,0.00168789,0.00494519,0.00181891
F240,239,deposition,deposition-tool-08,false,0.09750998,1461,104,0.00458480,0.00142618,0.00443558,0.00162794
F241,240,deposition,deposition-tool-01,false,,1457,104,0.00000000,0.00000000,0.00000000,0.00000000
F242,241,deposition,deposition-tool-02,false,,1457,104,0.00000000,0.00000000,0.00000000,0.00000000
F243,242,deposition,deposition-tool-03,false,,1457,104,0.00000000,0.00000000,0.00000000,0.00000000
F244,243,deposition,deposition-tool-04,false,,1457,104,0.00000000,0.00000000,0.00000000,0.00000000
F245,244,deposition,deposition-tool-05,false,0.06001539,519,30,0.00595665,0.08694491,0.00226667,0.00105966
F246,245,deposition,deposition-tool-06,false,0.13315999,519,30,1.75321156,4.44706082,1.32337667,1.03105796
F247,246,deposition,deposition-tool-07,false,0.04925487,519,30,4.16847110,10.31881262,3.80742667,0.99177708
F248,247,deposition,deposition-tool-08,false,0.29827004,781,71,0.05174136,0.06681038,0.07132817,0.06450549
F249,248,deposition,deposition-tool-01,false,0.04113188,1463,104,0.02505427,0.05012199,0.02681635,0.03403309
F250,249,deposition,deposition-tool-02,false,0.18034474,1463,104,0.00078578,0.01420964,0.00499615,0.02980235
F251,250,deposition,deposition-tool-03,false,0.03066131,1463,104,109.54962338,55.27328808,111.07659423,43.64845256
F252,251,deposition,deposition-tool-04,false,0.05589390,1463,104,0.00438783,0.03872796,0.00283558,0.00653111
F253,252,deposition,deposition-tool-05,false,0.03641641,1463,104,4.75891189,66.57969063,3.04429712,0.93302269
F254,253,deposition,deposition-tool-06,false,0.04289258,1439,104,0.03314851,0.02225662,0.03415288,0.02452090
F255,254,deposition,deposition-tool-07,false,0.09030148,1463,104,0.01399556,0.00918558,0.01320673,0.00826088
F256,255,deposition,deposition-tool-08,false,0.04982975,1463,104,0.40422433,0.12125574,0.39855577,0.10573128
F257,256,deposition,deposition-tool-01,false,,1454,104,0.00000000,0.00000000,0.00000000,0.00000000
F258,257,deposition,deposition-tool-02,false,,1454,104,0.00000000,0.00000000,0.00000000,0.00000000
F259,258,deposition,deposition-tool-03,false,,1454,104,0.00000000,0.00000000,0.00000000,0.00000000
F260,259,deposition,deposition-tool-04,false,,1454,104,0.00000000,0.00000000,0.00000000,0.00000000
F261,260,deposition,deposition-tool-05,false,,1454,104,0.00000000,0.00000000,0.00000000,0.00000000
F262,261,deposition,deposition-tool-06,false,,1454,104,0.00000000,0.00000000,0.00000000,0.00000000
F263,262,deposition,deposition-tool-07,false,,1454,104,0.00000000,0.00000000,0.00000000,0.00000000
F264,263,deposition,deposition-tool-08,false,,1454,104,0.00000000,0.00000000,0.00000000,0.00000000
F265,264,deposition,deposition-tool-01,false,,1454,104,0.00000000,0.00000000,0.00000000,0.00000000
F266,265,deposition,deposition-tool-02,false,,1454,104,0.00000000,0.00000000,0.00000000,0.00000000
F267,266,deposition,deposition-tool-03,false,,1454,104,0.00000000,0.00000000,0.00000000,0.00000000
F268,267,deposition,deposition-tool-04,false,0.05721845,1455,104,0.07070515,0.02942393,0.06893269,0.03245605
F269,268,deposition,deposition-tool-05,false,0.02700146,1455,104,19.49130515,7.32923366,19.69175000,7.51654977
F270,269,deposition,deposition-tool-06,false,0.07085500,1455,104,3.77231203,1.14816133,3.85556346,1.20115110
F271,270,deposition,deposition-tool-07,false,0.10589536,1458,104,29.32367702,8.30092169,28.37166058,9.63019863
F272,271,deposition,deposition-tool-08,false,0.10724183,1457,104,45.92827062,17.83782172,47.85441731,18.08289668
F273,272,deposition,deposition-tool-01,false,0.13065081,1457,103,41.15156609,17.83182768,43.37163301,16.10922671
F274,273,deposition,deposition-tool-02,false,0.09826482,1449,104,20.15590041,3.82440125,20.53438077,3.87867996
F275,274,deposition,deposition-tool-03,false,0.02101661,1449,104,136.41409351,85.44395756,134.59726538,87.43900131
F276,275,deposition,deposition-tool-04,false,0.07444604,1449,104,9.30954741,174.83486965,0.10601154,0.09946132
F277,276,deposition,deposition-tool-05,false,,1449,104,0.00000000,0.00000000,0.00000000,0.00000000
F278,277,deposition,deposition-tool-06,false,0.04654565,1449,104,2.21382478,1.22498755,2.16782788,0.67269940
F279,278,deposition,deposition-tool-07,false,0.15922132,1454,104,0.00112070,0.00034473,0.00107212,0.00025961
F280,279,deposition,deposition-tool-08,false,0.15302069,1461,104,0.04126441,0.02024596,0.03814135,0.02057156
F281,280,deposition,deposition-tool-01,false,0.23923894,1461,104,0.01812081,0.00661057,0.01680769,0.00406847
F282,281,deposition,deposition-tool-02,false,0.21400796,1461,104,0.01516461,0.00562050,0.01410288,0.00419955
F283,282,deposition,deposition-tool-03,false,0.05230497,1461,104,0.00574695,0.00880950,0.00609135,0.00301643
F284,283,deposition,deposition-tool-04,false,0.03628791,1461,104,2.81443320,6.06272875,2.65719712,0.89070871
F285,284,deposition,deposition-tool-05,false,,1460,104,0.00000000,0.00000000,0.00000000,0.00000000
F286,285,deposition,deposition-tool-06,false,0.05033918,1460,104,2.12296767,0.96479587,2.07526058,0.93031662
F287,286,deposition,deposition-tool-07,false,0.11546031,1460,104,4.31522966,10.09472488,3.48492885,1.23446568
F288,287,deposition,deposition-tool-08,false,0.02632138,1460,104,0.37699253,7.64205982,0.23467981,0.25393272
F289,288,deposition,deposition-tool-01,false,0.11141787,1460,104,0.00390390,0.00297321,0.00420096,0.00231880
F290,289,deposition,deposition-tool-02,false,0.01259612,1460,104,2.57970096,1.65735509,2.56308365,0.85671732
F291,290,deposition,deposition-tool-03,false,0.07744775,1454,103,0.12445282,0.28008319,0.10894563,0.04166191
F292,291,deposition,deposition-tool-04,false,0.00003663,1463,104,0.01992618,0.02624941,0.01992692,0.01166088
F293,292,deposition,deposition-tool-05,false,0.22553843,130,8,0.01461077,0.01167493,0.01247500,0.00656082
F294,293,deposition,deposition-tool-06,false,0.53329491,130,8,331.65455462,137.57822268,398.87093750,113.33267096
F295,294,deposition,deposition-tool-07,false,0.26355939,1462,103,391.41829111,453.52712960,549.38390777,716.07664327
F296,295,deposition,deposition-tool-08,false,0.29813122,1462,103,246.05901580,269.75048725,351.50814369,421.23937130
F297,296,deposition,deposition-tool-01,false,0.06983778,1462,103,1887.53811847,1998.23679716,1761.27833301,1595.01123019
F298,297,implant,implant-tool-02,false,0.01676607,1462,103,2346.19185506,3251.78141382,2295.06532913,2832.60368555
F299,298,implant,implant-tool-03,true,0.30404100,1462,103,0.06205739,0.05951191,0.08860291,0.10818533
F300,299,implant,implant-tool-04,false,0.25408413,1462,103,0.05721094,0.12034284,0.10364272,0.22870654
F301,300,implant,implant-tool-05,false,0.24349563,1462,103,0.11345390,0.20127960,0.18839612,0.38592641
F302,301,implant,implant-tool-06,false,0.14230350,1462,103,0.90592640,0.30947976,0.97003883,0.55694018
F303,302,implant,implant-tool-07,false,0.08680176,1462,103,0.40204220,0.19240175,0.42179612,0.25799681
F304,303,implant,implant-tool-08,false,0.02994173,1462,103,0.04031423,0.01442530,0.04076408,0.01560012
F305,304,implant,implant-tool-01,false,0.03121546,1462,103,0.13220752,0.06500422,0.13021650,0.06253816
F306,305,implant,implant-tool-02,false,0.08268170,1462,104,0.26459808,0.05725099,0.26939712,0.05882284
F307,306,implant,implant-tool-03,false,0.01407758,1462,104,0.04860048,0.02556737,0.04894135,0.02277929
F308,307,implant,implant-tool-04,false,0.09290401,1462,104,0.12876081,0.02767452,0.13117212,0.02411282
F309,308,implant,implant-tool-05,false,0.00678103,1462,104,0.21842880,0.03377125,0.21820962,0.03080600
F310,309,implant,implant-tool-06,false,0.09279994,1462,104,0.12876129,0.02767688,0.13117019,0.02411705
F311,310,implant,implant-tool-07,false,0.16904811,1462,104,0.30429412,0.04380320,0.31118558,0.03748407
F312,311,implant,implant-tool-08,false,0.07387738,1462,104,0.09748707,0.02873353,0.09533750,0.02945498
F313,312,implant,implant-tool-01,false,0.01262056,1462,104,0.16014877,0.11734287,0.15867404,0.11635786
F314,313,implant,implant-tool-02,false,,1439,104,0.00000000,0.00000000,0.00000000,0.00000000
F315,314,implant,implant-tool-03,false,,1439,104,0.00000000,0.00000000,0.00000000,0.00000000
F316,315,implant,implant-tool-04,false,,1462,104,0.00000000,0.00000000,0.00000000,0.00000000
F317,316,implant,implant-tool-05,true,0.38490026,1462,104,6.00126074,1.02370610,5.63560385,0.87008165
F318,317,implant,implant-tool-06,false,0.16671224,1462,104,0.17339555,0.07277337,0.16185481,0.06548579
F319,318,implant,implant-tool-07,false,0.15877272,1462,104,3.20033297,1.23187232,3.02622885,0.94201203
F320,319,implant,implant-tool-08,false,0.22187910,1462,104,7.88522852,2.18796179,8.34911923,1.98876354
F321,320,implant,implant-tool-01,false,0.01574084,1462,104,0.04307702,0.03259598,0.04349712,0.01902741
F322,321,implant,implant-tool-02,false,0.05123281,1462,104,2.26924514,2.18208511,2.18616058,0.70595155
F323,322,implant,implant-tool-03,false,,1462,104,0.00000000,0.00000000,0.00000000,0.00000000
F324,323,implant,implant-tool-04,false,0.02856715,1462,104,5.38957373,2.58496669,5.44748654,1.23993686
F325,324,implant,implant-tool-05,false,0.15888603,1462,104,13.26220547,6.60512603,14.31573558,6.65623209
F326,325,implant,implant-tool-06,false,,1462,104,0.00000000,0.00000000,0.00000000,0.00000000
F327,326,implant,implant-tool-07,false,,1460,103,0.00000000,0.00000000,0.00000000,0.00000000
F328,327,implant,implant-tool-08,false,,1460,103,0.00000000,0.00000000,0.00000000,0.00000000
F329,328,implant,implant-tool-01,false,,1460,103,0.00000000,0.00000000,0.00000000,0.00000000
F330,329,implant,implant-tool-02,false,,1460,103,0.00000000,0.00000000,0.00000000,0.00000000
F331,330,implant,implant-tool-03,false,,1460,103,0.00000000,0.00000000,0.00000000,0.00000000
F332,331,implant,implant-tool-04,false,0.12001869,1460,103,0.08264486,0.06155116,0.09155243,0.08501835
F333,332,implant,implant-tool-05,false,0.12082836,1456,104,2.54110852,5.49538946,3.32674904,7.37264100
F334,333,implant,implant-tool-06,false,0.16447594,1457,104,6.17158648,3.28843261,6.83620192,4.67359019
F335,334,implant,implant-tool-07,false,0.12068708,1457,104,0.16648065,0.16115421,0.19474712,0.28937982
F336,335,implant,implant-tool-08,false,0.12135062,1457,104,3.37362244,5.64024187,4.17367500,7.42430805
F337,336,implant,implant-tool-01,false,0.14087542,1456,104,9.65645831,7.38854945,10.85537981,9.50088757
F338,337,implant,implant-tool-02,false,0.13036143,1456,104,2.30319416,1.45574859,2.66750577,3.67432711
F339,338,implant,implant-tool-03,false,0.03147851,1456,104,3.02727898,5.74775817,3.18179327,3.89246284
F340,339,implant,implant-tool-04,false,0.11624384,1457,104,9.28036184,6.03793774,10.00976731,6.50301769
F341,340,implant,implant-tool-05,false,0.09401406,1457,104,12.25486994,236.58226776,48.55767596,492.17944721
F342,341,implant,implant-tool-06,false,0.17054995,1457,104,2.68337591,3.55632042,3.41461058,4.91101555
F343,342,implant,implant-tool-07,false,0.03706247,1457,104,0.00030693,0.01171178,0.00000000,0.00000000
F344,343,implant,implant-tool-08,false,0.11724994,1457,104,6.15423624,5.31994584,6.81874231,5.99481058
F345,344,implant,implant-tool-01,false,0.09408565,1457,104,23.27191304,8.91329444,22.44988462,8.55711983
F346,345,implant,implant-tool-02,false,0.01294809,705,68,7.97531291,18.01369740,7.78277794,10.85016988
F347,346,implant,implant-tool-03,false,0.01272247,705,68,5.78655957,17.54684048,5.60072206,10.90134951
F348,347,implant,implant-tool-04,false,0.03706247,1457,104,0.00955024,0.36441394,0.00000000,0.00000000
F349,348,implant,implant-tool-05,true,0.33440268,1439,104,0.02429069,0.01034208,0.03044808,0.02389823
F350,349,implant,implant-tool-06,false,0.15055954,1439,104,0.02512370,0.01022735,0.02703077,0.01470663
F351,350,implant,implant-tool-07,false,0.01334075,1439,104,0.02318999,0.01445404,0.02336923,0.01233282
F352,351,implant,implant-tool-08,false,0.16107690,1439,104,0.02729986,0.02426286,0.03151923,0.02799364
F353,352,implant,implant-tool-01,false,0.10311604,1439,104,0.02343287,0.01344123,0.02228846,0.00810407
F354,353,implant,implant-tool-02,false,0.07666237,1439,104,0.04040973,0.01551669,0.03923462,0.01513782
F355,354,implant,implant-tool-03,false,0.02654519,1439,104,0.04194517,0.01299234,0.04158654,0.01400900
F356,355,implant,implant-tool-04,false,0.03824149,1439,104,0.03448923,0.02250870,0.03528846,0.01915587
F357,356,implant,implant-tool-05,false,0.03904270,1462,104,1.29965034,0.38564795,1.28426538,0.40228580
F358,357,implant,implant-tool-06,false,0.05943901,1451,104,0.00099697,0.00050506,0.00102500,0.00043561
F359,358,implant,implant-tool-07,false,0.03850088,215,11,0.00244372,0.00039004,0.00242727,0.00046140
F360,359,implant,implant-tool-08,false,0.11226321,1463,104,0.01977703,0.00690705,0.02072500,0.00974165
F361,360,implant,implant-tool-01,false,0.10055366,1463,104,0.00273903,0.01774153,0.00584038,0.03984712
F362,361,implant,implant-tool-02,false,0.02290518,1463,104,39.95900451,17.36085485,39.61850962,11.85586933
F363,362,implant,implant-tool-03,false,0.04216464,1413,103,0.01830602,0.02069707,0.01943786,0.03182426
F364,363,implant,implant-tool-04,false,0.11291258,1413,103,332.21185117,137.77724986,348.51620777,150.72832230
F365,364,implant,implant-tool-05,false,,1457,104,0.00000000,0.00000000,0.00000000,0.00000000
F366,365,implant,implant-tool-06,false,0.19102175,1461,104,0.00515948,0.00257977,0.00574712,0.00350310
F367,366,implant,implant-tool-07,false,0.05182450,1461,104,0.00480589,0.00238567,0.00492788,0.00232203
F368,367,implant,implant-tool-08,false,0.01123019,1457,104,0.00377550,0.00265645,0.00374231,0.00322680
F369,368,implant,implant-tool-01,false,0.03649605,1457,104,0.00316664,0.00211486,0.00324135,0.00197653
F370,369,implant,implant-tool-02,false,,1457,104,0.00000000,0.00000000,0.00000000,0.00000000
F371,370,implant,implant-tool-03,false,,1457,104,0.00000000,0.00000000,0.00000000,0.00000000
F372,371,implant,implant-tool-04,false,,1457,104,0.00000000,0.00000000,0.00000000,0.00000000
F373,372,implant,implant-tool-05,false,,1457,104,0.00000000,0.00000000,0.00000000,0.00000000
F374,373,implant,implant-tool-06,false,,1457,104,0.00000000,0.00000000,0.00000000,0.00000000
F375,374,implant,implant-tool-07,false,,1457,104,0.00000000,0.00000000,0.00000000,0.00000000
F376,375,implant,implant-tool-08,false,,1457,104,0.00000000,0.00000000,0.00000000,0.00000000
F377,376,implant,implant-tool-01,false,0.07872643,1461,104,0.00159788,0.00052927,0.00164231,0.00059738
F378,377,implant,implant-tool-02,false,0.13512916,1461,104,0.00157509,0.00046322,0.00150962,0.00050488
F379,378,implant,implant-tool-03,false,,1457,104,0.00000000,0.00000000,0.00000000,0.00000000
F380,379,implant,implant-tool-04,false,,1457,104,0.00000000,0.00000000,0.00000000,0.00000000
F381,380,implant,implant-tool-05,false,,1457,104,0.00000000,0.00000000,0.00000000,0.00000000
F382,381,implant,implant-tool-06,false,,1457,104,0.00000000,0.00000000,0.00000000,0.00000000
F383,382,implant,implant-tool-07,false,0.06037805,519,30,0.00188979,0.02747538,0.00071667,0.00034936
F384,383,implant,implant-tool-08,false,0.14407660,519,30,0.54884605,1.37604644,0.40599333,0.26955839
F385,384,implant,implant-tool-01,false,0.06746623,519,30,1.29396744,3.25477734,1.13806667,0.29324511
F386,385,implant,implant-tool-02,false,0.17172619,781,71,0.01124494,0.01464751,0.01342958,0.01044652
F387,386,implant,implant-tool-03,false,0.03823890,1463,104,0.00824689,0.01578261,0.00875769,0.01038226
F388,387,implant,implant-tool-04,false,0.18011861,1463,104,0.00025106,0.00449774,0.00157981,0.00941344
F389,388,implant,implant-tool-05,false,0.08446204,1463,104,35.06453274,17.37515852,36.42900385,14.83448365
F390,389,implant,implant-tool-06,false,0.05626384,1463,104,0.00137102,0.01221291,0.00087885,0.00197102
F391,390,implant,implant-tool-07,false,0.03735285,1463,104,1.46873377,21.02916593,0.91325865,0.26242372
F392,391,implant,implant-tool-08,false,0.01452538,1439,104,0.01094906,0.00667995,0.01105192,0.00746144
F393,392,implant,implant-tool-01,false,0.08902425,1463,104,0.00454956,0.00297163,0.00429712,0.00269278
F394,393,implant,implant-tool-02,false,0.01432865,1463,104,0.13402379,0.03874706,0.13350769,0.03306522
F395,394,implant,implant-tool-03,false,,1454,104,0.00000000,0.00000000,0.00000000,0.00000000
F396,395,implant,implant-tool-04,false,,1454,104,0.00000000,0.00000000,0.00000000,0.00000000
F397,396,cmp,cmp-tool-05,false,,1454,104,0.00000000,0.00000000,0.00000000,0.00000000
F398,397,cmp,cmp-tool-06,false,,1454,104,0.00000000,0.00000000,0.00000000,0.00000000
F399,398,cmp,cmp-tool-07,false,,1454,104,0.00000000,0.00000000,0.00000000,0.00000000
F400,399,cmp,cmp-tool-08,false,,1454,104,0.00000000,0.00000000,0.00000000,0.00000000
F401,400,cmp,cmp-tool-01,false,,1454,104,0.00000000,0.00000000,0.00000000,0.00000000
F402,401,cmp,cmp-tool-02,false,,1454,104,0.00000000,0.00000000,0.00000000,0.00000000
F403,402,cmp,cmp-tool-03,false,,1454,104,0.00000000,0.00000000,0.00000000,0.00000000
F404,403,cmp,cmp-tool-04,false,,1454,104,0.00000000,0.00000000,0.00000000,0.00000000
F405,404,cmp,cmp-tool-05,false,,1454,104,0.00000000,0.00000000,0.00000000,0.00000000
F406,405,cmp,cmp-tool-06,false,0.04931282,1455,104,0.02424454,0.01063950,0.02368942,0.01184230
F407,406,cmp,cmp-tool-07,false,0.08750227,1455,104,6.71331959,2.80657355,6.97258365,3.11146042
F408,407,cmp,cmp-tool-08,false,0.08583752,1455,104,1.22993216,0.36510340,1.26088942,0.35613994
F409,408,cmp,cmp-tool-01,false,0.10765248,1458,104,5.35973429,2.56904928,5.07733654,2.67632395
F410,409,cmp,cmp-tool-02,false,0.05340816,1457,104,4.57410679,1.77595998,4.66902019,1.77830520
F411,410,cmp,cmp-tool-03,false,0.12411826,1457,103,4.91267172,2.13428333,5.16518544,1.92948063
F412,411,cmp,cmp-tool-04,false,0.18591879,1449,104,2.60910062,0.54905326,2.71341635,0.57285861
F413,412,cmp,cmp-tool-05,false,0.03325244,1449,104,30.86998896,18.38344696,31.48711827,18.73274936
F414,413,cmp,cmp-tool-06,false,0.03222506,1449,104,25.69354058,48.63502193,24.48621923,21.02216109
F415,414,cmp,cmp-tool-07,false,,1449,104,0.00000000,0.00000000,0.00000000,0.00000000
F416,415,cmp,cmp-tool-08,false,0.09563768,1449,104,6.65114907,4.06003075,6.34453365,2.01820640
F417,416,cmp,cmp-tool-01,false,0.18915206,1454,104,3.41602909,1.04997874,3.24104519,0.78048155
F418,417,cmp,cmp-tool-02,false,0.17207057,1461,104,8.23701081,4.05220816,7.54321442,4.01178165
F419,418,cmp,cmp-tool-03,false,0.12253976,1461,104,322.57496639,287.95469532,287.72766731,280.75056807
F420,419,cmp,cmp-tool-04,false,0.05894242,1461,104,307.82418624,326.73936752,326.44035577,304.54357846
F421,420,cmp,cmp-tool-05,false,0.03676700,1461,104,1.81557118,3.15338096,1.90119712,0.95055432
F422,421,cmp,cmp-tool-06,false,0.02792208,1461,104,4.18410637,7.14166475,4.03990288,1.52992561
F423,422,cmp,cmp-tool-07,false,,1460,104,0.00000000,0.00000000,0.00000000,0.00000000
F424,423,cmp,cmp-tool-08,false,0.18829294,1460,104,77.24380842,32.43619643,83.50939519,34.09461495
F425,424,cmp,cmp-tool-01,false,0.12387434,1460,104,3.35404774,6.53675322,2.77387596,1.06871549
F426,425,cmp,cmp-tool-02,false,0.07220049,1460,104,6.71038534,23.96332789,8.00259712,8.14882696
F427,426,cmp,cmp-tool-03,false,0.09263517,1460,104,1.22839932,1.01077050,1.31048365,0.74074391
F428,427,cmp,cmp-tool-04,false,0.00372640,1460,104,4.05789192,3.12107693,4.06704904,1.52845491
F429,428,cmp,cmp-tool-05,false,0.14475059,1454,103,4.29559739,10.99100154,3.16412816,1.18275245
F430,429,cmp,cmp-tool-06,false,0.00141895,1463,104,4.17137122,6.62349543,4.17848942,2.54174732
F431,430,cmp,cmp-tool-07,false,0.28198522,1462,103,17.36844986,31.46786056,33.37019806,73.82522542
F432,431,cmp,cmp-tool-08,true,0.31209902,1462,103,21.19122066,31.82489365,38.92410291,73.78194643
F433,432,cmp,cmp-tool-01,false,0.01882947,1462,103,99.21857818,127.01321457,101.48333786,113.14131439
F434,433,cmp,cmp-tool-02,false,0.18141006,1462,103,202.65751088,223.21072799,246.14010194,255.11125509
F435,434,cmp,cmp-tool-03,false,0.27705496,1462,103,13.71923735,29.20051865,29.13689029,73.08083550
F436,435,cmp,cmp-tool-04,false,0.26788878,1462,103,8.37600376,29.34045089,23.48906893,74.19260986
F437,436,cmp,cmp-tool-05,false,0.26235520,1462,103,6.53294302,29.49696638,21.42814660,74.67743311
F438,437,cmp,cmp-tool-06,false,0.18054570,1462,103,3.98685390,1.41823131,4.44163981,3.26785194
F439,438,cmp,cmp-tool-07,false,0.05464250,1462,103,54.55996416,33.24484345,56.70367573,44.41862620
F440,439,cmp,cmp-tool-08,false,0.09246784,1462,103,70.85070185,38.97720479,67.70915728,28.09456891
F441,440,cmp,cmp-tool-01,false,0.03102393,1462,103,11.53886135,6.19274029,11.35281165,5.79459752
F442,441,cmp,cmp-tool-02,false,0.12722054,1462,104,0.80044767,0.18259173,0.82504135,0.20347443
F443,442,cmp,cmp-tool-03,false,0.05580933,1462,104,1.34761279,0.66249082,1.31216538,0.60658229
F444,443,cmp,cmp-tool-04,false,0.15537363,1462,104,0.63253399,0.14445815,0.65372115,0.12775519
F445,444,cmp,cmp-tool-05,false,0.02821477,1462,104,0.89532120,0.15649579,0.89112885,0.14023366
F446,445,cmp,cmp-tool-06,false,0.16134674,1462,104,0.64566833,0.14235462,0.66707404,0.12221816
F447,446,cmp,cmp-tool-07,false,0.17455954,1462,104,1.17305116,0.17708005,1.20244423,0.15921411
F448,447,cmp,cmp-tool-08,false,0.05968766,1462,104,0.28223632,0.08648520,0.27710192,0.08555446
F449,448,cmp,cmp-tool-01,false,0.01430683,1462,104,0.33249337,0.23638641,0.32913173,0.23353935
F450,449,cmp,cmp-tool-02,false,,1439,104,0.00000000,0.00000000,0.00000000,0.00000000
F451,450,cmp,cmp-tool-03,false,,1439,104,0.00000000,0.00000000,0.00000000,0.00000000
F452,451,cmp,cmp-tool-04,false,,1462,104,0.00000000,0.00000000,0.00000000,0.00000000
F453,452,cmp,cmp-tool-05,true,0.33328484,1462,104,5.36571176,0.92535986,5.08117885,0.77549654
F454,453,cmp,cmp-tool-06,false,0.17798853,1462,104,5.48597715,2.26776427,5.10944615,1.95134516
F455,454,cmp,cmp-tool-07,false,0.15286072,1462,104,7.91094549,3.11072445,7.50131731,2.16459927
F456,455,cmp,cmp-tool-08,false,0.23596097,1462,104,3.62255410,0.94228869,3.83455673,0.85239077
F457,456,cmp,cmp-tool-01,false,0.00395248,1462,104,12.32381689,8.26642151,12.35195192,5.74518768
F458,457,cmp,cmp-tool-02,false,0.04274640,1462,104,5.27376347,4.66799664,5.12171442,1.87465731
F459,458,cmp,cmp-tool-03,false,,1462,104,0.00000000,0.00000000,0.00000000,0.00000000
F460,459,cmp,cmp-tool-04,false,0.03217746,1462,104,2.83606375,1.38076221,2.87094327,0.66595304
F461,460,cmp,cmp-tool-05,false,0.23787345,1462,104,28.98199001,13.25514559,32.22577212,14.00764561
F462,461,cmp,cmp-tool-06,false,,1462,104,0.00000000,0.00000000,0.00000000,0.00000000
F463,462,cmp,cmp-tool-07,false,,1460,103,0.00000000,0.00000000,0.00000000,0.00000000
F464,463,cmp,cmp-tool-08,false,,1460,103,0.00000000,0.00000000,0.00000000,0.00000000
F465,464,cmp,cmp-tool-01,false,,1460,103,0.00000000,0.00000000,0.00000000,0.00000000
F466,465,cmp,cmp-tool-02,false,,1460,103,0.00000000,0.00000000,0.00000000,0.00000000
F467,466,cmp,cmp-tool-03,false,,1460,103,0.00000000,0.00000000,0.00000000,0.00000000
F468,467,cmp,cmp-tool-04,false,0.11346565,1460,103,6.16793151,8.20073959,7.44502621,13.64233554
F469,468,cmp,cmp-tool-05,false,0.22462994,1456,104,227.59087953,230.66070692,176.32339519,225.77486262
F470,469,cmp,cmp-tool-06,false,0.16828276,1457,104,5.61796404,3.00297011,6.28332019,4.71669569
F471,470,cmp,cmp-tool-07,false,0.11949312,1457,104,5.31685175,4.72305292,6.08084135,7.71029599
F472,471,cmp,cmp-tool-08,false,0.16430563,1457,104,9.47670508,9.23133970,11.90963942,18.79624420
F473,472,cmp,cmp-tool-01,false,0.00477826,1456,104,137.87286449,47.51050647,138.10598269,50.03144355
F474,473,cmp,cmp-tool-02,false,0.03682525,1456,104,39.36983585,22.32752388,40.22500385,24.08390340
F475,474,cmp,cmp-tool-03,false,0.05662209,1456,104,37.53895165,24.62644620,39.01042308,27.28089397
F476,475,cmp,cmp-tool-04,false,0.14572205,1457,104,4.23155964,2.50540388,4.69706346,3.75927516
F477,476,cmp,cmp-tool-05,false,0.10483831,1457,104,20.01823466,14.70489393,21.72812981,17.77040574
F478,477,cmp,cmp-tool-06,false,0.17007170,1457,104,6.10509355,9.55306044,8.39898173,16.50996666
F479,478,cmp,cmp-tool-07,false,0.03706247,1457,104,0.13726836,5.23782678,0.00000000,0.00000000
F480,479,cmp,cmp-tool-08,false,0.13130381,1457,104,3.25535635,2.53683144,3.67619423,3.75625215
F481,480,cmp,cmp-tool-01,false,0.04706264,1457,104,75.64863191,35.81440120,73.99005481,34.65994847
F482,481,cmp,cmp-tool-02,false,,1457,104,0.00000000,0.00000000,0.00000000,0.00000000
F483,482,cmp,cmp-tool-03,false,0.03629008,1439,104,319.11555594,280.26544280,308.77289423,289.65653095
F484,483,cmp,cmp-tool-04,false,0.10483049,1439,104,207.80324267,195.31633706,189.42007885,152.82140068
F485,484,cmp,cmp-tool-05,false,0.18670646,1439,104,217.79632022,214.89568531,180.59559615,182.25990799
F486,485,cmp,cmp-tool-06,false,0.12609762,1439,104,202.92620903,219.28743265,176.00559712,207.53117414
F487,486,cmp,cmp-tool-07,false,0.10553268,1439,104,300.54267241,288.87407884,329.67441058,262.58925898
F488,487,cmp,cmp-tool-08,false,0.04645084,1439,104,240.27580341,263.99396423,228.10276058,260.11751947
F489,488,cmp,cmp-tool-01,false,0.18165895,1439,104,355.75929110,250.90418977,309.13080769,262.33152703
F490,489,cmp,cmp-tool-02,false,0.07672825,1439,104,270.98388263,227.71645462,288.57741731,230.86614867
F491,490,cmp,cmp-tool-03,false,0.02659770,1462,104,51.38633933,18.00537626,50.90006442,18.55567037
F492,491,cmp,cmp-tool-04,false,0.05814507,1451,104,2.43808449,1.23039518,2.50669327,1.12726745
F493,492,cmp,cmp-tool-05,false,0.23422136,215,11,8.18885767,1.77210164,7.82079091,1.34110233
F494,493,cmp,cmp-tool-06,false,0.07105180,1463,104,2.52500506,0.95797765,2.60096442,1.16965868
F495,494,cmp,cmp-tool-07,false,0.09581107,1463,104,0.89440984,5.98320903,1.82906731,12.43099273
F496,495,test,test-tool-08,false,0.01668715,1463,104,6.81089474,3.32732071,6.76465288,2.07050517
F497,496,test,test-tool-01,false,0.02719264,1413,103,29.90904232,24.80519342,29.27400194,21.80515057
F498,497,test,test-tool-02,false,0.09825318,1413,103,11.78714211,4.93379808,12.28591845,5.21518168
F499,498,test,test-tool-03,false,,1457,104,0.00000000,0.00000000,0.00000000,0.00000000
F500,499,test,test-tool-04,false,0.12089907,1461,104,265.79907365,324.59816924,226.62577981,323.43377129
F501,500,test,test-tool-05,false,0.05697455,1461,104,239.72055777,321.28292263,258.69346058,344.33134390
F502,501,test,test-tool-06,false,,1457,104,0.00000000,0.00000000,0.00000000,0.00000000
F503,502,test,test-tool-07,false,,1457,104,0.00000000,0.00000000,0.00000000,0.00000000
F504,503,test,test-tool-08,false,,1457,104,0.00000000,0.00000000,0.00000000,0.00000000
F505,504,test,test-tool-01,false,,1457,104,0.00000000,0.00000000,0.00000000,0.00000000
F506,505,test,test-tool-02,false,,1457,104,0.00000000,0.00000000,0.00000000,0.00000000
F507,506,test,test-tool-03,false,,1457,104,0.00000000,0.00000000,0.00000000,0.00000000
F508,507,test,test-tool-04,false,,1457,104,0.00000000,0.00000000,0.00000000,0.00000000
F509,508,test,test-tool-05,false,,1457,104,0.00000000,0.00000000,0.00000000,0.00000000
F510,509,test,test-tool-06,false,,1457,104,0.00000000,0.00000000,0.00000000,0.00000000
F511,510,test,test-tool-07,true,0.42876713,1461,104,54.44059138,35.75756706,74.34794904,55.07046541
F512,511,test,test-tool-08,false,0.21387913,1461,104,271.14984819,327.38461393,343.82616923,351.77921111
F513,512,test,test-tool-01,false,,1457,104,0.00000000,0.00000000,0.00000000,0.00000000
F514,513,test,test-tool-02,false,,1457,104,0.00000000,0.00000000,0.00000000,0.00000000
F515,514,test,test-tool-03,false,,1457,104,0.00000000,0.00000000,0.00000000,0.00000000
F516,515,test,test-tool-04,false,,1457,104,0.00000000,0.00000000,0.00000000,0.00000000
F517,516,test,test-tool-05,false,0.06045094,519,30,0.70478092,11.08048490,0.23112000,0.10822635
F518,517,test,test-tool-06,false,0.12655141,519,30,1.76396127,5.01807795,1.30538000,1.03968513
F519,518,test,test-tool-07,false,0.04836353,519,30,1.81536127,4.84461660,1.64904333,0.42653275
F520,519,test,test-tool-08,false,0.26791268,781,71,11.39332446,15.91288886,15.41470986,14.04933348
F521,520,test,test-tool-01,false,0.03596794,1463,104,2.68430991,5.81357648,2.86043750,3.76291246
F522,521,test,test-tool-02,false,0.11944089,1463,104,10.60073001,98.77375010,25.80891250,150.56109313
F523,522,test,test-tool-03,false,0.05895715,1463,104,14.70296801,7.17255003,15.09317981,6.01376431
F524,523,test,test-tool-04,false,0.05645200,1463,104,0.46539501,4.28706381,0.29214231,0.67744526
F525,524,test,test-tool-05,false,0.03195754,1463,104,5.71993117,21.37359343,5.23552404,1.63991836
F526,525,test,test-tool-06,false,0.04359957,1439,104,5.54850292,3.89841226,5.72497500,4.19141299
F527,526,test,test-tool-07,false,0.09072485,1463,104,1.44895906,0.96448822,1.36606538,0.85987935
F528,527,test,test-tool-08,false,0.04428039,1463,104,6.40096507,1.90315610,6.32189135,1.66006248
F529,528,test,test-tool-01,false,,1454,104,0.00000000,0.00000000,0.00000000,0.00000000
F530,529,test,test-tool-02,false,,1454,104,0.00000000,0.00000000,0.00000000,0.00000000
F531,530,test,test-tool-03,false,,1454,104,0.00000000,0.00000000,0.00000000,0.00000000
F532,531,test,test-tool-04,false,,1454,104,0.00000000,0.00000000,0.00000000,0.00000000
F533,532,test,test-tool-05,false,,1454,104,0.00000000,0.00000000,0.00000000,0.00000000
F534,533,test,test-tool-06,false,,1454,104,0.00000000,0.00000000,0.00000000,0.00000000
F535,534,test,test-tool-07,false,,1454,104,0.00000000,0.00000000,0.00000000,0.00000000
F536,535,test,test-tool-08,false,,1454,104,0.00000000,0.00000000,0.00000000,0.00000000
F537,536,test,test-tool-01,false,,1454,104,0.00000000,0.00000000,0.00000000,0.00000000
F538,537,test,test-tool-02,false,,1454,104,0.00000000,0.00000000,0.00000000,0.00000000
F539,538,test,test-tool-03,false,,1454,104,0.00000000,0.00000000,0.00000000,0.00000000
F540,539,test,test-tool-04,false,0.06492680,1455,104,3.03988990,1.24392329,2.95511923,1.36455760
F541,540,test,test-tool-05,false,0.02247443,1455,104,1.94172021,0.73055502,1.95832788,0.74726793
F542,541,test,test-tool-06,false,0.09804220,1455,104,9.59241615,2.88789355,9.88041058,2.98619155
F543,542,test,test-tool-07,false,0.22043379,1461,104,0.11124565,0.00276051,0.11068558,0.00230018
F544,543,test,test-tool-08,false,0.24092241,1461,104,0.00849185,0.00156200,0.00817596,0.00099928
F545,544,test,test-tool-01,false,0.09575945,1461,104,0.00250746,0.00029856,0.00253365,0.00024597
F546,545,test,test-tool-02,false,0.21676580,1461,104,7.62752286,1.34108133,7.38495192,0.84025557
F547,546,test,test-tool-03,false,0.05654523,1221,86,1.04103817,0.39044556,1.01964186,0.36594314
F548,547,test,test-tool-04,false,0.21178115,1221,86,403.48171826,5.11517477,404.46590698,4.12648330
F549,548,test,test-tool-05,false,0.03698149,1221,86,75.67141196,3.37563602,75.79997674,3.57444664
F550,549,test,test-tool-06,false,0.01660803,1221,86,0.66248501,0.66796129,0.67420930,0.74197887
F551,550,test,test-tool-07,false,0.15558495,1221,86,16.94230139,4.58407117,18.02151163,8.67268748
F552,551,test,test-tool-08,false,0.16095610,1221,86,1.20757576,1.18314778,1.55918605,2.85382779
F553,552,test,test-tool-01,false,0.01965131,1221,86,0.27631671,0.27441369,0.28195930,0.29931768
F554,553,test,test-tool-02,false,0.15879510,1221,86,7.67285659,2.04472703,8.14424186,3.66650042
F555,554,test,test-tool-03,false,0.16261510,1221,86,0.49347690,0.52323445,0.64819767,1.23965916
F556,555,test,test-tool-04,false,0.09567763,1221,86,57.51724513,34.99206819,61.00195116,37.79657082
F557,556,test,test-tool-05,false,0.14731573,1221,86,4.19977952,1.18637506,4.46003953,2.19882756
F558,557,test,test-tool-06,false,0.15955174,1221,86,1.59120581,1.61647701,2.07546744,3.97632164
F559,558,test,test-tool-07,false,0.08203790,1462,104,0.99449124,0.08195793,1.00228654,0.10649291
F560,559,test,test-tool-08,false,0.09512579,1462,104,0.32441409,0.20071597,0.34390000,0.20888969
F561,560,test,test-tool-01,false,0.08248800,1462,104,0.07216765,0.05173379,0.07632019,0.04890898
F562,561,test,test-tool-02,false,0.10117453,1462,104,32.15216190,18.89596816,34.15173365,20.59468998
F563,562,test,test-tool-03,false,0.19352741,1214,80,262.82556343,7.56106680,261.27470000,8.44202893
F564,563,test,test-tool-04,false,0.08082696,1214,80,0.68017990,0.12351482,0.67145875,0.08960187
F565,564,test,test-tool-05,false,0.06336831,1214,80,6.43448105,2.62528797,6.60437500,2.73568586
F566,565,test,test-tool-06,false,0.16602252,1214,80,0.14465511,0.07916996,0.16009250,0.10499554
F567,566,test,test-tool-07,false,0.01215935,1214,80,2.61009176,1.03201840,2.62267375,1.03749103
F568,567,test,test-tool-08,false,0.16642215,1214,80,0.05970049,0.03197968,0.06594250,0.04231854
F569,568,test,test-tool-01,false,0.07685293,1214,80,2.44758303,0.99303989,2.52577125,1.04114056
F570,569,test,test-tool-02,false,0.19297426,1214,80,20.98106425,10.00571728,23.19072750,12.73248829
F571,570,test,test-tool-03,false,0.00601320,1463,104,530.53134826,17.19134676,530.41495577,21.30212601
F572,571,test,test-tool-04,false,0.06745424,1463,104,2.10325543,0.26796077,2.08187308,0.35939259
F573,572,test,test-tool-05,false,0.15198507,1463,104,29.19163964,88.01771987,18.01961346,55.31323548
F574,573,test,test-tool-06,false,0.25883766,1463,104,0.34907191,0.25462348,0.29730865,0.12310020
F575,574,test,test-tool-07,false,0.16789507,1463,104,9.41139091,27.52453596,5.65848750,15.54618249
F576,575,test,test-tool-08,false,0.26019454,1463,104,0.10568195,0.06939010,0.09132596,0.03568434
F577,576,test,test-tool-01,false,0.12862714,1463,104,5.69223014,17.17583219,3.75632788,12.57082494
F578,577,test,test-tool-02,false,0.24600522,1463,104,16.80752919,12.78750153,14.31891731,6.41486592
F579,578,test,test-tool-03,false,0.05627556,573,45,0.02156876,0.01180962,0.02219778,0.01050730
F580,579,test,test-tool-04,false,0.15413710,573,45,0.01672094,0.00961715,0.01821111,0.00971821
F581,580,test,test-tool-05,false,0.10894811,573,45,0.00537208,0.00312942,0.00570000,0.00288544
F582,581,test,test-tool-06,false,0.09138952,573,45,98.44283717,89.17442021,91.45992889,61.02743154
F583,582,test,test-tool-07,false,0.17820810,1462,104,0.50005349,0.00336668,0.50069615,0.00383089
F584,583,test,test-tool-08,false,0.03067985,1462,104,0.01529036,0.01767582,0.01570288,0.00701204
F585,584,test,test-tool-01,false,0.02807736,1462,104,0.00384118,0.00383123,0.00392212,0.00139346
F586,585,test,test-tool-02,false,0.02595352,1462,104,3.06302346,3.68294587,3.13534423,1.40200724
F587,586,test,test-tool-03,false,0.01732162,1462,104,0.02144473,0.01242136,0.02165096,0.01136696
F588,587,test,test-tool-04,false,0.14431797,1462,104,0.01639179,0.00881858,0.01764327,0.00852222
F589,588,test,test-tool-05,false,0.12857620,1462,104,0.00525951,0.00287600,0.00561827,0.00270181
F590,589,test,test-tool-06,false,0.01143138,1462,104,99.73649466,94.79815125,98.73623750,79.53722210
